,GpuName,GPU Clockspeed,Memory Clockspeed,Core Configuration,GPU	,Memory Size,Buswidth,Max Pixel Fillrate,Max Texel Fillrate,Max Shader Performance,Max Bandwidth,Vertex Proc,Max Vertices,DirectX Gen,Memory Type,Process Size,Transistors,Bus Slot,Ext. Power,Target Market at Introduction, Year of Release,gpuName,G3Dmark,G2Dmark,price,gpuValue,TDP,powerPerformance,testDate,category
0,Radeon 7500,"260, 290","460(230), 500(250)",2 PP; 6 TMU; 2 ROP,RV200,64-128,128,580,1740,,7360,0.5,36.3,DX7,DDR(TSOP),150nm,30m,AGP4X,no,Highend,2001,RADEON 7500,3,35,177.25,0.02,,,2012,Desktop
1,Radeon 9000,250,400(200),4 PP/TMU/ROP,RV250,64-128,128,1000,1000,?,6400,1,62.5,DX8.1,DDR(TSOP),150nm,36m,"AGP4X,PCI",no,Mainstream,2002,RADEON 9000,5,126,,,,,2009,Desktop
2,Radeon 9200,250,400(200),4 PP/TMU/ROP,RV280,64-128-256,128,1000,1000,?,6400,1,62.5,DX8.1,DDR(TSOP),150nm,36m,"AGP8X,PCI",no,Upper Budget,2003,RADEON 9200,4,135,153.63,0.02,,,2009,Desktop
3,Radeon 9250,240,"366(183), 400(200)",4 PP/TMU/ROP,RV280,128-256,64-128,960,960,?,6400,1,60,DX8.1,DDR(TSOP),150nm,36m,"AGP8X,PCI",no,Budget mainstream,Budget mainstream,RADEON 9250,3,127,194.0,0.01,,,2009,Desktop
4,Radeon 9600 Pro,400,"400(200), 600(300)",4 PP/TMU/ROP,RV350,128-256,128,1600,1600,19200,9600,2,200,DX9,DDR(TSOP/BGA),130nm,75m,AGP8X,no,Mainstream,2003,RADEON 9600 PRO,43,163,,,,,2011,Desktop
5,Radeon X300SE,325,400(200),4 PP/TMU/ROP,RV370,128-256,64,1300,1300,15600,3200,2,162.5,DX9,DDR(TSOP),110nm,75m,PCIe16X,no,Lower Mainstream,2004,RADEON X300SE,38,242,,,,,2009,Unknown
6,Radeon X550,400,500(250),4 PP/TMU/ROP,RV370XT,128-256,64-128,1600,1600,19200,8000,2,200,DX9,DDR(TSOP/BGA),110nm,75m,PCIe16X,no,Lower Mainstream,2005,RADEON X550,51,266,,,,,2009,Desktop
7,Radeon X600XT,500,740(370),4 PP/TMU/ROP,RV380,128-256,128,2000,2000,24000,11840,2,250,DX9,DDR(BGA),130nm,75m,PCIe16X,no,Upper Mainstream,2004,RADEON X600XT,92,258,,,,,2009,Unknown
8,Radeon X800 Pro,475,900(450),12 PP/TMU/ROP,"R420,R423",256,256,5700,5700,68400,28800,6,712.5,DX9b,GDDR3,130nm,160m,"PCIe16X,AGP8X",4pin/6pin,Highend,2004,RADEON X800 PRO,65,190,,,,,2009,Desktop
9,Radeon X1050,"325, 400","400(200), 500(250), 666(333)",4 PP/TMU/ROP,"RV350,RV370",128-256,64-128,1600,1600,19200,10656,2,200,DX9,"DDR(TSOP/BGA),DDR2","130,110nm",75m,"PCIe16X,AGP8X",no,Budget,,Radeon X1050,49,245,,,,,2009,Desktop
10,Radeon X1300 Pro,600,800(400),4 PP/TMU/ROP,RV515,256-512,128,2400,2400,28800,12800,2,300,DX9c,DDR2,90nm,105m,"PCIe16X,AGP8X",either,Mainstream,2005,Radeon X1300 PRO,84,313,,,,,2009,Unknown
11,Radeon X1550,550,800(400),4 PP/TMU/ROP,RV515,256-512,64-128,2200,2200,26400,12800,4,550,DX9c,DDR2,90nm,105m,"PCIe16X,AGP8X",either,Lower Mainstream,2007,Radeon X1550,67,253,155.0,0.43,27.0,2.47,2009,Desktop
12,Radeon HD 2400 Pro,525,"800(400), 1000(500)",40 SP; 4 TMU/ROP,RV610,256,64,2100,2100,42000,8000,40,1050,DX10,"DDR2,GDDR3",65nm,180m,PCIe16X,no,Budget,2007,Radeon HD 2400 Pro,114,346,,,20.0,5.72,2011,Desktop
13,Radeon HD 2600 Pro,600,"800(400), 1000(500)",120 SP; 8 TMU; 4 ROP,RV630,256-512,128,2400,4800,144000,16000,120,3600,DX10,"DDR2,GDDR3",65nm,390m,"PCIe16X,AGP8X",either,Mainstream,2007,Radeon HD 2600 PRO,211,337,188.44,1.12,35.0,6.04,2011,Desktop
14,Radeon HD 3470,800,1900(950),40 SP; 4 TMU/ROP,RV620,256-512,64,3200,3200,64000,15200,40,1600,DX10.1,GDDR3,55nm,181m,PCIe2.0,no,Upper Budget,2008,Radeon HD 3470,90,95,109.65,0.82,30.0,2.99,2011,Desktop
15,Radeon HD 3850,670,1666(833),320 SP; 16 TMU/ROP,RV670,256-512-1024,256,10720,10720,428800,53312,320,10720,DX10.1,GDDR3,55nm,666m,"PCIe2.0,AGP8X",6+8pin,Upper Mainstream,2007,Radeon HD 3850,410,43,,,75.0,5.47,2011,Desktop
16,Radeon HD 4550,600,1600(800),80 SP; 8 TMU; 4 ROP,RV710,256-512,64,2400,4800,96000,12800,80,2400,DX10.1,DDR3,55nm,242m,PCIe2.0,no,Upper Budget,2008,Radeon HD 4550,236,429,156.0,1.51,20.0,11.79,2012,Desktop
17,Radeon HD 4870,750,3600(900),800 SP; 40 TMU; 16 ROP,RV770,512-1024,256,12000,30000,1200000,115200,800,30000,DX10.1,GDDR5,55nm,956m,PCIe2.0,6pin(x2),Highend,2008,Radeon HD 4870,1391,72,79.99,17.39,150.0,9.27,2012,Desktop
18,Radeon HD 4890,"850, 900",3900(975),800 SP; 40 TMU; 16 ROP,RV790,1024,256,14400,36000,1440000,124800,800,36000,DX10.1,GDDR5,55nm,959m,PCIe2.0,6+8pin,Highend,2009,Radeon HD 4890,1533,103,89.99,17.04,190.0,8.07,2012,Desktop
19,Radeon HD 5550,550,800(400),320 SP; 16 TMU; 8 ROP,Redwood,512-1024,128,4400,8800,352000,12800,320,8800,DX11,DDR2,40nm,627m,PCIe2.1,no,Budget,2010,Radeon HD 5550,383,187,54.99,6.97,39.0,9.83,2010,Desktop
20,Radeon HD 5670,775,4000(1000),400 SP; 20 TMU; 8 ROP,Redwood,512-1024,128,6200,15500,620000,64000,400,15500,DX11,GDDR5,40nm,627m,PCIe2.1,no,Lower Mainstream,2010,Radeon HD 5670,784,279,67.0,11.71,64.0,12.26,2012,Desktop
21,Radeon HD 5770,850,4800(1200),800 SP; 40 TMU; 16 ROP,Juniper,1024,128,13600,34000,1360000,76800,800,34000,DX11,GDDR5,40nm,1.04b,PCIe2.1,6pin,Upper Mainstream,2009,Radeon HD 5770,1351,328,189.99,7.11,108.0,12.51,2012,Desktop
22,Radeon HD 5850,725,4000(1000),1440 SP; 72 TMU; 32 ROP,Cypress,1024,256,23200,52200,2088000,128000,1440,52200,DX11,GDDR5,40nm,2.15b,PCIe2.1,6pin(x2),Highend,2009,Radeon HD 5850,1966,404,288.99,6.8,151.0,13.02,2012,Desktop
23,Radeon HD 6350,650,1600(800),80 SP; 8 TMU; 4 ROP,Cedar,512-1024,64,2600,5200,104000,12800,80,2600,DX11,GDDR3,40nm,292m,PCIe2.1,no,Budget,2011,RADEON HD 6350,141,171,59.0,2.39,19.1,7.38,2011,Desktop
24,Radeon HD 6570,650,"1600(800), 4000(1000)",480 SP; 24 TMU; 8 ROP,Turks,512-1024,128,5200,15600,624000,64000,480,19500,DX11,"DDR3,GDDR5",40nm,716m,PCIe2.1,no,Upper Budget,2011,Radeon HD 6570,496,193,63.81,7.78,44.0,11.28,2012,Desktop
25,Radeon HD 6750,700,4600(1150),720 SP; 36 TMU; 16 ROP,Juniper,512-1024,128,11200,25200,1008000,73600,720,25200,DX11,GDDR5,40nm,1.04b,PCIe2.1,6pin,Lower Mainstream,2011,Radeon HD 6750,1005,304,79.99,12.57,86.0,11.69,2011,Desktop
26,Radeon HD 6790,900,4200(1050),800 SP; 40 TMU; 16 ROP,Barts,1024,256,14400,36000,1440000,134400,800,45000,DX11,GDDR5,40nm,1.7b,PCIe2.1,6pin,Mainstream,2011,Radeon HD 6790,1613,370,294.0,5.49,150.0,10.75,2011,Desktop
27,Radeon HD 6870,900,4200(1050),1120 SP; 56 TMU; 32 ROP,Barts,1024,256,28800,50400,2016000,134400,1120,63000,DX11,GDDR5,40nm,1.7b,PCIe2.1,6pin(x2),Highend,2010,Radeon HD 6870,2223,397,275.0,8.08,151.0,14.72,2012,Desktop
28,Radeon HD 6950,800,5000(1250),1408 SP; 88 TMU; 32 ROP,Caymen,1024-2048,256,25600,70400,2252800,160000,1408,70400,DX11,GDDR5,40nm,2.64b,PCIe2.1,6pin(x2),Highend,2010,Radeon HD 6950,2650,421,139.99,18.93,200.0,13.25,2012,Desktop
29,Radeon HD 6990,830,5000(1250),1536 SP; 96 TMU; 32 ROP(x2),Antilles,2048,256(x2),26560(x2),79680(x2),2549760(x2),160000(x2),1536(x2),79680(x2),DX11,GDDR5,40nm,2.64b(x2),PCIe2.1,8pin(x2),Enthusiast,2011,Radeon HD 6990,3013,630,498.49,6.04,375.0,8.04,2011,Desktop
30,Radeon HD 7450,625,1600(800),160 SP; 8 TMU; 4 ROP,Caicos,512-1024,64,2500,5000,200000,12800,160,6250,DX11,DDR3,40nm,370m,PCIe2.1,no,OEM,2012,Radeon HD 7450,221,147,49.99,4.42,18.0,12.28,2012,Desktop
31,Radeon HD 7570,650,4000(1000),480 SP; 24 TMU; 8 ROP,Turks,512-1024,128,5200,15600,624000,64000,480,19500,DX11,"DDR3,GDDR5",40nm,716m,PCIe2.1,no,OEM,2012,Radeon HD 7570,613,265,102.49,5.99,44.0,13.94,2012,Desktop
32,Radeon HD 7750,"800, 900",4500(1125),512 SP; 32 TMU; 16 ROP,Cape Verde,1024,128,14400,28800,921600,72000,512,28800,DX11.2,GDDR5,28nm,1.5b,PCIe3.0,no,Lower Mainstream,2012,Radeon HD 7750,1696,398,99.99,16.97,55.0,30.85,2012,Desktop
33,Radeon HD 7790,1000,6000(1500),896 SP; 56 TMU; 16 ROP,Bonaire,1024-2048,128,16000,56000,1792000,96000,896,56000,DX11.2,GDDR5,28nm,2.08b,PCIe3.0,6pin,Mainstream,2013,Radeon HD 7790,3090,459,139.99,22.07,85.0,36.36,2013,Desktop
34,Radeon HD 7990,"900, 1000","5500(1375), 6000(1500)",2048 SP; 128 TMU; 32 ROP(x2),2048 SP; 128 TMU; 32 ROP(x2),Tahiti,3072,384(x2),32000(x2),128000(x2),128000(x2),4096000(x2),288000(x2),2048(x2),128000(x2),DX11.2,GDDR5,28nm,4.31b(x2),PCIe3.0,8pin(x3),Radeon HD 7990,5566,766,399.99,13.91,375.0,14.84,2013,Desktop
35,Radeon R7 250,1000-1050,"1800(900), 4600(1150)",384 SP; 24 TMU; 8 ROP,Oland,1024-2048,128,8400,25200,806400,73600,384,25200,DX12,"DDR3,GDDR5",28nm,1.04b,PCIe3.0,no,Upper Budget,2013,Radeon R7 250,1151,296,189.97,6.06,75.0,15.34,2013,Desktop
36,Radeon R7 250X,1000,4500(1125),640 SP; 40 TMU; 16 ROP,Cape Verde,1024-2048,128,16000,40000,1280000,72000,640,40000,DX12,GDDR5,28nm,1.5b,PCIe3.0,6pin,Upper Budget,2014,Radeon R7 250X,2269,637,194.0,11.7,95.0,23.88,2015,Desktop
37,Radeon R7 260X,1100,6500(1625),896 SP; 56 TMU; 16 ROP,Bonaire,2048,128,17600,61600,1971200,104000,896,61600,DX12,GDDR5,28nm,2.08b,PCIe3.0,6pin,Lower Mainstream,2013,Radeon R7 260X,3147,506,139.99,22.48,115.0,27.37,2013,Desktop
38,Radeon R9 270,900-925,5600(1400),1280 SP; 80 TMU; 32 ROP,Pitcairn,2048,256,29600,74000,2368000,179200,1280,74000,DX12,GDDR5,28nm,2.8b,PCIe3.0,6pin(x2),Upper Mainstream,2013,Radeon R9 270,4306,567,,,,,2018,Unknown
39,Radeon R9 280,827-933,5000(1250),1792 SP; 112 TMU; 32 ROP,Tahiti,3072,384,29856,104496,3343872,240000,1792,104496,DX12,GDDR5,28nm,4.31b,PCIe3.0,6+8pin,Upper Mainstream,2014,Radeon R9 280,5668,679,,,250.0,22.67,2016,Desktop
40,Radeon R9 285,918,5500(1375),1792 SP; 112 TMU; 32 ROP,Tonga,2048-4096,256,29376,102816,3290112,176000,1792,102816,DX12,GDDR5,28nm,5b,PCIe3.0,6pin(x2),Upper Mainstream,2014,Radeon R9 285,6680,597,,,,,2021,Unknown
41,Radeon R9 290X,727-1000,5000(1250),2816 SP; 176 TMU; 64 ROP,Hawaii,4096,512,64000,176000,5632000,320000,2816,176000,DX12,GDDR5,28nm,6.2b,PCIe3.0,6+8pin,Enthusiast,2013,Radeon R9 290X,8794,787,,,,,2020,Unknown
42,Radeon R7 360,1050,6500(1625),768 SP; 48 TMU; 16 ROP,Bonaire,2048,128,16800,50400,1612800,104000,768,50400,DX12,GDDR5,28nm,2.08b,PCIe3.0,no,Lower Mainstream,2015,Radeon R7 360,3034,495,145.99,20.78,100.0,30.34,2015,Desktop
43,Radeon R9 380X,970,5500(1375),2048 SP; 128 TMU; 32 ROP,Tonga,4096,256,31040,124160,3973120,176000,2048,124160,DX12,GDDR5,28nm,5b,PCIe3.0,6pin(x2),Upper Mainstream,2015,Radeon R9 380X,6189,670,349.99,17.68,190.0,32.57,2015,Desktop
44,Radeon R9 390X,1050,6000(1500),2816 SP; 176 TMU; 64 ROP,Hawaii,8192,512,67200,184800,5913600,384000,2816,184800,DX12,GDDR5,28nm,6.2b,PCIe3.0,8pin(x2),Highend,2015,Radeon R9 390X,9503,840,,,275.0,34.56,2016,Desktop
45,Radeon R9 Fury,1000,1000(500),3584 SP; 224 TMU; 64 ROP,Fiji,4096,4096,64000,224000,7168000,512000,3584,224000,DX12,HBM,28nm,8.9b,PCIe3.0,8pin(x2),Enthusiast,2015,Radeon R9 Fury,9551,791,443.1,21.56,,,2015,Unknown
46,Radeon RX 480,1120-1266,"7000(1750), 8000(2000)",2304 SP; 144 TMU; 32 ROP,Polaris 10,4096-8192,256,40512,182304,5833728,256000,2304,182304,DX12,GDDR5,14nm,5.7b,PCIe3.0,6pin,Upper Mainstream,2016,Radeon RX 480,8674,779,339.99,25.51,150.0,57.83,2016,Desktop
47,Radeon RX 550,1100-1183,7000(1750),512 SP; 32 TMU; 16 ROP,Lexa,2048-4096,128,18928,37856,1211392,112000,512,37856,DX12,GDDR5,14nm,2.2b,PCIe3.0,no,Upper Budget,2017,Radeon RX 550,2718,484,157.74,17.23,50.0,54.35,2017,Desktop
48,Radeon RX Vega 56,1156-1471,1600(800),3584 SP; 224 TMU; 64 ROP,Vega 10,8192,2048,94144,329504,10544128,409600,3584,329504,DX12,HBM2,14nm,12.5b,PCIe3.0,8pin(x2),Highend,2017,Radeon RX Vega 56,13636,784,752.99,18.11,210.0,64.93,2017,Desktop
49,Radeon RX 5300,1327-1448-1645,14000(1750),1408 SP; 88 TMU; 32 ROP,Navi 14,3072,96,52640,144760,4632320,168000,1408,144760,DX12,GDDR6,7nm,6.4b,PCIe4.0,no,OEM,2020,Radeon RX 5300,7611,854,,,100.0,76.11,2021,Desktop
50,Radeon RX 5700,1465-1625-1725,14000(1750),2304 SP; 144 TMU; 64 ROP,Navi 10,8192,256,110400,248400,7948800,448000,2304,248400,DX12,GDDR6,7nm,10.3b,PCIe4.0,6+8pin,Highend,2019,Radeon RX 5700,14729,926,899.95,16.37,180.0,81.83,2019,Desktop
51,GeForce2 Ti,250,400(200),4 PP; 8 TMU; 4 ROP,NV15,32-64,128,1000,2000,,6400,0.5,31.3,DX7,DDR(TSOP),180/150nm,25m,AGP4X,no,Highend,2001,GeForce2 Ti,5,149,,,,,2009,Desktop
52,GeForce3,200,460(230),4 PP; 8 TMU; 4 ROP,NV20,64,128,800,1600,?,7360,1,50,DX8,DDR(TSOP),150nm,57m,AGP4X,no,Enthusiast,2001,GeForce3,5,120,,,,,2009,Desktop
53,GeForce FX 5200LE,250,266(133),4 PP/TMU/ROP,NV34,128-256,64-128,1000,1000,8000,4256,1,62.5,DX9,DDR(TSOP),150nm,45m,"AGP8X,PCI",no,Lower Mainstream,2003,GeForce FX 5200LE,7,170,42.99,0.16,,,2009,Unknown
54,GeForce FX 5200 Ultra,325,650(325),4 PP/TMU/ROP,NV34,128,128,1300,1300,10400,10400,1,81.3,DX9,DDR(BGA),150nm,45m,AGP8X,4pin,Mainstream,2003,GeForce FX 5200 Ultra,12,138,,,,,2009,Desktop
55,GeForce FX 5700 Ultra,475,"900(450), 950(475), 1000(500)","900(450), 950(475), 1000(500)",4 PP/TMU/ROP,NV36,128-256,128,1900,1900,15200,16000,3,356.3,DX9,"DDR(BGA),GDDR2,GDDR3",150nm,82m,AGP8X,4pin,Upper Mainstream,GeForce FX 5700 Ultra,34,126,,,,,2009,Desktop
56,GeForce FX 5950 Ultra,475,950(475),4 PP; 8 TMU; 4 ROP,NV38,256,256,1900,3800,15200,30400,3,356.3,DX9,DDR(BGA),130nm,135m,AGP8X,4pin,Enthusiast,2003,GeForce FX 5950 Ultra,59,274,,,,,2009,Desktop
57,GeForce PCX 5300,250,400(200),4 PP/TMU/ROP,NV34,128-256,128,1000,1000,8000,6400,1,125,DX9,DDR(TSOP),150nm,45m,PCIe16X,no,Lower Mainstream,2004,GeForce PCX 5300,6,197,,,,,2009,Desktop
58,GeForce PCX 5900,350,550(275),4 PP; 8 TMU; 4 ROP,NV35,128,256,1400,2800,11200,17600,3,262.5,DX9,DDR(BGA),130nm,135m,PCIe16X,no,Upper Mainstream,2004,GeForce PCX 5900,34,258,,,,,2009,Desktop
59,GeForce 6200,300,550(275),4 PP/TMU/ROP,NV43-V,128-256,64-128,1200,1200,14400,8800,3,225,DX9c,DDR(TSOP),110nm,146m,"PCIe16X,AGP8X",either,Lower Mainstream,2004,GeForce 6200,35,58,99.99,0.35,,,2009,Desktop
60,GeForce 6200 TurboCache,350,"550(275), 700(350)",4 PP/TMU; 2 ROP,NV44,16-32-64-128,32-64,700,1400,16800,5600,3,262.5,DX9c,DDR(TSOP/BGA),110nm,77m,PCIe16X,no,Lower Mainstream,2004,GeForce 6200 TurboCache,46,78,,,,,2009,Unknown
61,GeForce 6500,400,700(350),4 PP/TMU/ROP,NV43,64-128,64-128,1600,1600,19200,9600,3,300,DX9c,"DDR(BGA),DDR2",110nm,146m,PCIe16X,no,Lower Mainstream,2005,GeForce 6500,38,300,,,,,2009,Desktop
62,GeForce 6800 Ultra,"400, 425","1050(525), 1100(550)",16 PP/TMU/ROP,"NV40,NV45",256-512,256,6800,6800,81600,35200,6,600,DX9c,GDDR3,130nm,222m,"PCIe16X,AGP8X",4pin(x2)/6pin,Enthusiast,2004,GeForce 6800 Ultra,139,153,,,,,2009,Desktop
63,GeForce GT 130,500 (1250),1000(500),48 SP; 24 TMU; 12 ROP,G94-B1(?),768,192,6000,12000,180000,24000,48,3750,DX10,DDR2,55nm(?),~505m(?),PCIe2.0,6pin,OEM,,GeForce GT 130,347,143,151.34,2.3,75.0,4.63,2009,Desktop
64,GeForce 205,589 (1402),1000(500),8 SP; 4 TMU/ROP,GT218,512,64,2356,2356,33648,8000,8,701,DX10.1,DDR2,40nm,260m,PCIe2.0,no,OEM,2009,GeForce 205,126,309,,,30.5,4.14,2010,Desktop
65,GeForce GT 220,625 (1360),1800(900),48 SP; 16 TMU; 8 ROP,GT216,1024,128,5000,10000,195840,28800,48,4080,DX10.1,GDDR3,40nm,486m,PCIe2.0,no,Upper Budget,2010,GeForce GT 220,211,56,39.99,5.28,58.0,3.64,2012,Desktop
66,GeForce GTS 240,675 (1620),2200(1100),112 SP; 56 TMU; 16 ROP,G92-B1,1024,256,10800,37800,544320,70400,112,11340,DX10,GDDR3,55nm,~754m,PCIe2.0,6pin,OEM,2009,GeForce GTS 240,622,212,64.99,9.57,120.0,5.18,2009,Desktop
67,GeForce GTX 260,576 (1242),1998(999),192 SP; 64 TMU; 28 ROP,GT200,896,448,16128,36864,715392,111888,192,14904,DX10,GDDR3,65nm,1.4b,PCIe2.0,6pin(x2),Highend,2008,GeForce GTX 260,1221,88,79.99,15.27,202.0,6.05,2012,Desktop
68,GeForce GTX 275,633 (1404),2268(1134),240 SP; 80 TMU; 28 ROP,GT200-B1,896,448,17724,50640,1010880,127008,240,21060,DX10,GDDR3,55nm,~1.4b,PCIe2.0,6pin(x2),Highend,2008,GeForce GTX 275,1401,106,431.72,3.24,219.0,6.4,2012,Desktop
69,GeForce GTX 285,648 (1476),2484 (1242),240 SP; 80 TMU; 32 ROP,GT200-B1,1024,512,20736,51840,1062720,158976,240,22140,DX10,GDDR3,55nm,~1.4b,PCIe2.0,6pin(x2),Enthusiast,2008,GeForce GTX 285,1550,117,119.99,12.92,204.0,7.6,2009,Desktop
70,GeForce 310,589 (1402),1000(500),16 SP; 16 TMU; 8 ROP,GT218,512,64,4712,9424,67298,8000,16,1402,DX10.1,DDR2,40nm,260m,PCIe2.0,no,OEM,,GeForce 310,122,61,108.35,1.12,30.5,3.99,2010,Desktop
71,GeForce GT 430,700 (1400),"1200(600), 1800(900)",96 SP; 16 TMU; 4 ROP,GF108,512-1024,64-128,2800,11200,268800,28800,96,8400,DX11,DDR3,40nm,585m,"PCIe2.0,PCI",no,Upper Budget,2010,GeForce GT 430,603,191,139.99,4.31,49.0,12.3,2012,Desktop
72,GeForce GTS 450,783 (1566),3600(900),192 SP; 32 TMU; 16 ROP,GF106,1024,128,12528,25056,601344,57600,192,18792,DX11,GDDR5,40nm,1.17b,PCIe2.0,6pin,Lower Mainstream,2010,GeForce GTS 450,1321,303,79.99,16.52,106.0,12.47,2012,Desktop
73,GeForce GTX 465,607 (1215),3208(802),352 SP; 44 TMU; 32 ROP,GF100,1024,256,13354,26708,855360,102656,352,26730,DX11,GDDR5,40nm,3b,PCIe2.0,6pin(x2),Upper Mainstream,2010,GeForce GTX 465,2681,454,195.0,13.75,200.0,13.41,2012,Desktop
74,GeForce GTX 480,700 (1401),3696(924),480 SP; 60 TMU; 48 ROP,GF100,1536,384,21000,42000,1344960,177408,480,42030,DX11,GDDR5,40mn,3b,PCIe2.0,6+8pin,Enthusiast,2010,GeForce GTX 480,4110,447,169.99,24.18,250.0,16.44,2012,Desktop
75,GeForce GT 520,810 (1620),"1334(667), 1800(900)",48 SP; 8 TMU; 4 ROP,GF119,512-1024-2048,64,3240,6480,155520,14400,48,4860,DX11,DDR3,40nm,?,"PCIe2.0,PCI",no,Budget,2011,GeForce GT 520,297,126,304.0,0.98,29.0,10.25,2011,Desktop
76,GeForce GT 545,870 (1740),4000(1000),144 SP; 24 TMU; 16 ROP,GF116,1024(?),128,13920,20880,501120,64000,144,15660,DX11,GDDR5,40nm,1.17b,PCIe2.0,?,OEM,2011,GeForce GT 545,1096,342,55.59,19.71,,,2012,Unknown
77,GeForce GTX 550 Ti,900 (1800),4104(1026),192 SP; 32 TMU; 24 ROP,GF116,1024,192,21600,28800,691200,98544,192,21600,DX11,GDDR5,40nm,1.17b,PCIe2.0,6pin,Mainstream,2011,GeForce GTX 550 Ti,1557,363,99.99,15.57,116.0,13.42,2012,Desktop
78,GeForce GTX 560,810 (1620),4004(1001),336 SP; 56 TMU; 32 ROP,GF114,1024,256,25920,45360,1088640,128128,336,34020,DX11,GDDR5,40nm,1.95b,PCIe2.0,6pin(x2),Mainstream,2011,GeForce GTX 560,2711,418,205.0,13.23,150.0,18.08,2012,Desktop
79,GeForce GTX 570,732 (1464),3800(950),480 SP; 60 TMU; 40 ROP,GF110,1280,320,21960,43920,1405440,152000,480,43920,DX11,GDDR5,40nm,3b,PCIe2.0,6pin(x2),Highend,2010,GeForce GTX 570,3902,466,149.99,26.02,219.0,17.82,2012,Desktop
80,GeForce GTX 590,607 (1214),3414(853),512 SP; 64 TMU; 48 ROP(x2),GF110,1536,384(x2),19424(x2),38848(x2),1243136(x2),163872(x2),512(x2),38848(x2),DX11,GDDR5,40nm,3b(x2),PCIe2.0,8pin(x2),Enthusiast,2011,GeForce GTX 590,3307,470,435.0,7.6,365.0,9.06,2011,Desktop
81,GeForce GT 610,810 (1620),1333(666),48 SP; 8 TMU; 4 ROP,GF119,512-1024-2048,64,3240,6480,155520,10664,48,4860,DX11,DDR3,40nm,,"PCIe2.0,PCI",no,OEM,2012,GeForce GT 610,303,127,139.99,2.16,29.0,10.44,2012,Desktop
82,GeForce GT 630,875,1782(891),384 SP; 32 TMU; 16 ROP,GK107,1024-2048,128,14000,28000,672000,28512,384,21000,DX11,DDR3,28nm,1.3b,PCIe2.0,no,OEM,2012,GeForce GT 630,683,208,147.01,4.65,50.0,13.67,2012,Desktop
83,GeForce GT 645,776(1552),3828(957),288 SP; 48 TMU; 24 ROP,GF114,1024,128,18624,37248,893952,61248,288,27936,DX11,GDDR5,40nm,1.95b,PCIe2.0,6pin,OEM,2012,GeForce GT 645,2006,443,,,,,2012,Unknown
84,GeForce GTX 650,1058,5000(1250),384 SP; 32 TMU; 16 ROP,GK107,1024-2048,128,16928,33856,812544,80000,384,25392,DX11,GDDR5,28nm,1.3b,PCIe3.0,6pin,Lower Mainstream,2012,GeForce GTX 650,1769,346,109.98,16.08,64.0,27.63,2012,Desktop
85,GeForce GTX 650 Ti Boost,980-1033,6008(1502),768 SP; 64 TMU; 24 ROP,GK106,1024-2048,192,24792,66112,1586688,144192,768,49584,DX11,GDDR5,28nm,2.45b,PCIe3.0,6pin,Mainstream,2013,GeForce GTX 650 Ti BOOST,3330,452,,,134.0,24.85,2013,Desktop
86,GeForce GTX 680,1006-1058,6008(1502),1536 SP; 128 TMU; 32 ROP,GK104,2048,256,33856,135424,3250176,192256,1536,101568,DX11,GDDR5,28nm,3.5b,PCIe3.0,6pin(x2),Enthusiast,2012,GeForce GTX 680,5535,528,399.0,13.87,195.0,28.38,2012,Desktop
87,GeForce GTX Titan,837-876,6008(1502),2688 SP; 224 TMU; 48 ROP,GK110,6144,384,42048,196224,4709376,288384,2688,147168,DX11,GDDR5,28nm,7.1b,PCIe3.0,6+8pin,Extreme,2013,GeForce GTX Titan,8556,660,745.0,11.48,250.0,34.22,2013,Desktop
88,GeForce GT 720,797,"1800(900), 5000(1250)",192 SP; 16 TMU; 8 ROP,GK208,1024-2048,64,6376,12752,306048,40000,192,12752,DX11,"DDR3, GDDR5",28nm,,PCIe2.0,no,Budget,2014,GeForce GT 720,606,196,99.99,6.06,19.0,31.91,2014,Desktop
89,GeForce GTX 745,1033,1800(900),384 SP; 24 TMU; 16 ROP,GM107,4096,128,16528,24792,793344,28800,384,24792,DX11,DDR3,28nm,1.87b,PCIe3.0,no,OEM,2014,GeForce GTX 745,2175,469,284.95,7.63,55.0,39.54,2014,Desktop
90,GeForce GTX 750 Ti,1020-1085,5400(1350),640 SP; 40 TMU: 16 ROP,GM107,2048,128,17360,43400,1388800,86400,640,43400,DX11,GDDR5,28nm,1.87b,PCIe3.0,no,Lower Mainstream,2014,GeForce GTX 750 Ti,3919,498,88.11,44.48,60.0,65.32,2014,Desktop
91,GeForce GTX 760 Ti,915-980,6008(1502),1344 SP; 112 TMU; 32 ROP,GK104,2048,256,31360,109760,2634240,192256,1344,82320,DX11,GDDR5,28nm,3.5b,PCIe3.0,6pin(x2),OEM,2013,GeForce GTX 760 Ti,5206,555,297.5,17.5,170.0,30.62,2014,Desktop
92,GeForce GTX 780,863-900,6008(1502),2304 SP; 192 TMU; 48 ROP,GK110,3072,384,43200,172800,4147200,288384,2304,172800,DX11,GDDR5,28nm,7.1b,PCIe3.0,6+8pin,Enthusiast,2013,GeForce GTX 780,8022,601,279.99,28.65,250.0,32.09,2013,Desktop
93,GeForce GTX Titan Black,889-980,7000(1750),2880 SP; 240 TMU; 48 ROP,GK110-B1,6144,384,47040,235200,5644800,336000,2880,176400,DX11,GDDR5,28nm,7.1b,PCIe3.0,6+8pin,Extreme,2014,GeForce GTX TITAN Black,9140,616,524.99,17.41,250.0,36.56,2014,Desktop
94,GeForce GTX 950,1025-1188,6600(1650),768 SP; 48 TMU; 32 ROP,GM206,2048-4096,128,38016,57024,1824768,105600,768,57024,DX11.3,GDDR5,28nm,2.94b,PCIe3.0,no,Mainstream,2015,GeForce GTX 950,5392,641,141.99,37.98,90.0,59.91,2015,Desktop
95,GeForce GTX 970,1050-1178,7000(1750),1664 SP; 104 TMU; 56 ROP,GM204,4096,256,65968,122512,3920384,224000,1664,122512,DX11.3,GDDR5,28nm,5.2b,PCIe3.0,6pin(x2),Highend,2014,GeForce GTX 970,9688,781,237.99,40.71,145.0,66.81,2014,Desktop
96,GeForce GTX 980 Ti,1000-1075,7000(1750),2816 SP; 176 TMU: 96 ROP,GM200,6144,384,103200,189200,6054400,336000,2816,189200,DX11.3,GDDR5,28nm,8b,PCIe3.0,6+8pin,Enthusiast,2015,GeForce GTX 980 Ti,13864,854,719.4,19.27,250.0,55.45,2015,Desktop
97,GeForce GT 1030,1227-1468,6000(1500),384 SP; 32 TMU; 16 ROP,GP108,2048,64,23488,46976,1127424,48000,384,35232,DX12,GDDR5,16nm,1.8b,PCIe3.0,no,Upper Budget,2017,GeForce GT 1030,2545,449,109.99,23.13,30.0,84.82,2017,Desktop
98,GeForce GTX 1050,1354-1455,7000(1750),640 SP; 40 TMU; 32 ROP,GP107,2048,128,46560,58200,1862400,112000,640,58200,DX12,GDDR5,16nm,3.3b,PCIe3.0,no,Lower Mainstream,2016,GeForce GTX 1050,5090,475,203.1,25.06,75.0,67.86,2016,Desktop
99,GeForce GTX 1050 Ti,1290-1392,7000(1750),768 SP; 48 TMU; 32 ROP,GP107,4096,128,44544,66816,2138112,112000,768,66816,DX12,GDDR5,16nm,3.3b,PCIe3.0,no,Lower Mainstream,2016,GeForce GTX 1050 Ti,6314,651,189.42,33.33,75.0,84.18,2016,Desktop
100,GeForce GTX 1070 Ti,1607-1683,8000(2000),2432 SP; 152 TMU; 64 ROP,GP104,8192,256,107712,255816,8186112,256000,2432,255816,DX12,GDDR5,16nm,7.2b,PCIe3.0,8pin,Highend,2017,GeForce GTX 1070 Ti,14500,877,389.0,37.28,180.0,80.56,2017,Desktop
101,GeForce GTX 1080 Ti,1480-1600,11000(1375),3584 SP; 224 TMU; 88 ROP,GP102,11264,352,140800,358400,11468800,484000,3584,358400,DX12,GDDR5X,16nm,12b,PCIe3.0,8pin,Enthusiast,2017,GeForce GTX 1080 Ti,18284,934,604.15,30.26,250.0,73.14,2017,Desktop
102,Titan Xp,1582,11400(1425),3840 SP; 240 TMU; 96 ROP,GP102,12288,384,151872,379680,12149760,547200,3840,379680,DX12,GDDR5X,16nm,12b,PCIe3.0,6+8pin,Extreme,2017,TITAN Xp,19508,992,,,250.0,78.03,2020,Unknown
103,GeForce GTX 1650,1485-1665,8000(2000),896 SP; 56 TMU; 32 ROP,TU117,4096,128,53280,93240,2983680,128000,896,93240,DX12,GDDR5,12nm,4.7b,PCIe3.0,no,Mainstream,2019,GeForce GTX 1650,7807,592,209.0,37.35,75.0,104.09,2019,Desktop
104,GeForce GTX 1660,1530-1785,8000(2000),1408 SP; 88 TMU; 48 ROP,TU116,6144,192,85680,157080,5026560,192000,1280,157080,DX12,GDDR5,12nm,6.6b,PCIe3.0,6pin,Upper Mainstream,2019,GeForce GTX 1660,11695,796,399.99,29.24,120.0,97.46,2019,Desktop
105,GeForce GTX 1660 Ti,1500-1770,12000(1500),1536 SP; 96 TMU; 48 ROP,TU116,6144,192,84960,169920,5437440,288000,1536,169920,DX12,GDDR6,12nm,6.6b,PCIe3.0,8pin,Upper Mainstream,2019,GeForce GTX 1660 Ti,11794,702,349.99,33.7,120.0,98.29,2019,Desktop
106,GeForce RTX 2060 Super,1470-1650,14000(1750),2176 SP; 136 TMU; 64 ROP,TU106,8192,256,105600,224400,7180800,448000,2176,224400,DX12U,GDDR6,12nm,10.8b,PCIe3.0,8pin,Highend,2019,GeForce RTX 2060 SUPER,16514,881,528.89,31.22,175.0,94.37,2019,Desktop
107,GeForce RTX 2070 Super,1605-1770,14000(1750),2560 SP; 160 TMU; 64 ROP,TU104,8192,256,113280‬,283200,9062400,448000,2560,283200,DX12U,GDDR6,12nm,13.6b,PCIe3.0,8pin(x2),Enthusiast,2019,GeForce RTX 2070 SUPER,18168,896,613.8,29.6,215.0,84.5,2019,Desktop
108,GeForce RTX 2080 Super,1650-1815,15500(1937),3072 SP; 192 TMU; 64 ROP,TU104,8192,256,116160,348480,11151360,496000,3072,348480,DX12U,GDDR6,12nm,13.6b,PCIe3.0,8pin(x2),Extreme,2019,GeForce RTX 2080 SUPER,19519,934,683.99,28.54,250.0,78.08,2019,Desktop
109,Titan RTX,1350-1770,14000(1750),4608 SP; 288 TMU; 96 ROP,TU102,24576,384,169920,509760,16312320,672000,4608,509760,DX12U,GDDR6,12nm,18.4b,PCIe3.0,8pin(x2),Extreme,2018,TITAN RTX,20169,844,2794.99,7.22,280.0,72.03,2018,Workstation
110,GeForce RTX 3060,1320-1777,15000(1875),3584 SP; 112 TMU; 48 ROP,GA106,12288,192,85296,199024,12737536,360000,3584,398048,DX12U,GDDR6,8nm,13.3b,PCIe4.0,8pin/12pin,Highend,2021,GeForce RTX 3060,16958,951,329.0,51.55,170.0,99.76,2021,Desktop
111,GeForce RTX 3070,1500-1725,14000(1750),5888 SP; 184 TMU; 96 ROP,GA104,8192,256,110400,317400,20313600,448000,5888,634800,DX12U,GDDR6,8nm,17.4b,PCIe4.0,8pin/12pin,Enthusiast,2020,GeForce RTX 3070,22093,969,719.99,30.69,220.0,100.42,2020,Desktop
112,GeForce RTX 3080,1440-1710,19000(2375),8704 SP; 272 TMU; 96 ROP,GA102,10240,320,164160,465120,29767680,760000,8704,930240,DX12U,GDDR6X,8nm,28b,PCIe4.0,8pin(x2)/12pin,Extreme,2020,GeForce RTX 3080,24853,1003,999.0,24.88,320.0,77.66,2020,Desktop
113,GeForce RTX 3090,1395-1695,19500(2437),10496 SP; 336 TMU; 112 ROP,GA102,24576,384,162720,569520,35581440,936000,10496,1111920,DX12U,GDDR6X,8nm,28b,PCIe4.0,8pin(x2)/12pin,Extreme,2020,GeForce RTX 3090,26395,999,1749.99,15.08,350.0,75.41,2020,Desktop
114,Radeon 9500,275,540(270),4 PP/TMU/ROP,R300,64-128,128-256,1100,1100,13200,17600,4,275,DX9,DDR(BGA),150nm,107m,AGP8X,4pin,Mainstream,2002,RADEON 9500,36,173,40.5,0.9,,,2011,Desktop
115,Radeon 9550,250,400(200),4 PP/TMU/ROP,RV350LX,128-256,64-128,1000,1000,12000,6400,2,125,DX9,DDR(TSOP),130nm,75m,AGP8X,no,Budget,2004,RADEON 9550,35,145,291.74,0.12,,,2009,Desktop
116,Radeon 9600SE,325,400(200),4 PP/TMU/ROP,RV350,128-256,64,1300,1300,15600,3200,2,162.5,DX9,DDR(TSOP),130nm,75m,AGP8X,no,Lower Mainstream,2003,RADEON 9600SE,27,143,,,,,2009,Unknown
117,Radeon 9700 Pro,325,620(310),8 PP/TMU/ROP,R300,128,256,2600,2600,31200,19840,4,325,DX9,DDR(BGA),150nm,107m,AGP8X,4pin,Enthusiast,2002,RADEON 9700 PRO,54,149,,,,,2009,Desktop
118,Radeon 9800,325,580(290),8 PP/TMU/ROP,R350,128-256,128-256,2600,2600,31200,18560,4,325,DX9,DDR(BGA),150nm,115m,AGP8X,4pin,Highend,2003,RADEON 9800,58,191,325.0,0.18,,,2010,Desktop
119,Radeon 9800 Pro,380,680(340)-700(350),8 PP/TMU/ROP,R350,128-256,256,3040,3040,36480,22400,4,380,DX9,"DDR(BGA),GDDR2",150nm,115m,AGP8X,4pin,Enthusiast,2003,RADEON 9800 PRO,59,153,,,,,2009,Desktop
120,Radeon X700,400,700(350),8 PP/TMU/ROP,RV410,128-256,128,3200,3200,38400,11200,6,600,DX9b,DDR(BGA),110nm,120m,PCIe16X,no,Mainstream,2005,RADEON X700,73,248,,,,,2010,Desktop
121,Radeon X700 Pro,425,860(430),8 PP/TMU/ROP,RV410,128-256,128,3400,3400,40800,13760,6,637.5,DX9b,GDDR3,110nm,120m,"PCIe16X,AGP8X",either,Upper Mainstream,2005,RADEON X700 PRO,76,302,,,,,2009,Desktop
122,Radeon X800GT,475,"700(350), 980(490)",8 PP/TMU/ROP,"R423,R480",128-256,256,3800,3800,45600,31360,6,705,DX9b,GDDR3,130nm,~160m,PCIe16X,no,Mainstream,2005,RADEON X800GT,80,264,,,,,2009,Unknown
123,Radeon X850 Pro,500,1000(500)-1040(520),12 PP/TMU/ROP,"R480,R481",256,256,6000,6000,74880,33280,6,750,DX9b,GDDR3,130nm,>160m,"PCIe16X,AGP8X",4pin/6pin,Highend,2004,RADEON X850 PRO,73,157,,,,,2010,Desktop
124,Radeon X1300,450,500(250),4 PP/TMU/ROP,RV515,128-256-512,64-128,1800,1800,21600,8000,2,225,DX9c,DDR2,90nm,105m,"PCIe16X,AGP8X",either,Lower Mainstream,2005,Radeon X1300,58,237,95.78,0.61,,,2009,Desktop
125,Radeon X1600 Pro,500,780(390),12 PP; 4 TMU/ROP,RV530,256-512,128,2000,2000,72000,12480,5,625,DX9c,"DDR2,GDDR3",90nm,157m,"PCIe16X,AGP8X",either,Upper Mainstream,2005,Radeon X1600 Pro,99,273,,,41.0,2.41,2012,Desktop
126,Radeon X1650 Pro,600,1400(700),12 PP; 4 TMU/ROP,RV535,256-512,128,2400,2400,86400,22400,5,750,DX9c,GDDR3,90nm,157m,"PCIe16X,AGP8X",either,Mainstream,2006,Radeon X1650 Pro,85,241,160.89,0.53,44.0,1.93,2010,Desktop
127,Radeon X1950 Pro,575,1380(690),36 PP; 12 TMU/ROP,RV570,256-512,256,6900,6900,248400,44160,8,1150,DX9c,GDDR3,80nm,330m,"PCIe16X,AGP8X",6pin,Highend,2006,Radeon X1950 Pro,113,318,,,66.0,1.71,2009,Desktop
128,Radeon HD 2900 Pro,600,1600(800),320 SP; 16 TMU/ROP,R600,512-1024,512,9600,9600,384000,102400,320,9600,DX10,GDDR3,80nm,720m,PCIe16X,6+8pin,Upper Mainstream,2007,Radeon HD 2900 PRO,628,397,,,200.0,3.14,2011,Desktop
129,Radeon HD 3450,600,"800(400), 1000(500)",40 SP; 4 TMU/ROP,RV620,256,64,2400,2400,48000,8000,40,1200,DX10.1,DDR2,55nm,181m,PCIe2.0,no,Budget,2008,Radeon HD 3450,118,29,89.0,1.33,25.0,4.74,2011,Desktop
130,Radeon HD 3870,775,2250(1125),320 SP; 16 TMU/ROP,RV670,512-1024,256,12400,12400,496000,76800,320,12400,DX10.1,GDDR4,55nm,666m,PCIe2.0,6pin,Upper Mainstream,2007,Radeon HD 3870,576,82,69.99,8.22,106.0,5.43,2012,Desktop
131,Radeon HD 4350,600,1000(500),80 SP; 8 TMU; 4 ROP,RV710,256,64,2400,4800,96000,8000,80,2400,DX10.1,DDR2,55nm,242m,PCIe2.0,no,Budget,2008,Radeon HD 4350,103,34,102.24,1.0,20.0,5.13,2012,Desktop
132,Radeon HD 4850,625,2000(1000),800 SP; 40 TMU; 16 ROP,RV770,512-1024,256,10000,25000,1000000,64000,800,25000,DX10.1,GDDR3,55nm,956m,PCIe2.0,6pin,Upper Mainstream,2008,Radeon HD 4850,953,110,378.0,2.52,110.0,8.67,2012,Desktop
133,Radeon HD 5450,650,"666(333), 1600(800)",80 SP; 8 TMU; 4 ROP,Cedar,512-1024,64,2600,5200,104000,12800,80,2600,DX11,GDDR3,40nm,292m,"PCIe2.1,AGP8X",no,Budget,2010,Radeon HD 5450,138,149,94.96,1.45,19.1,7.22,2012,Desktop
134,Radeon HD 5570,650,1800(900),400 SP; 20 TMU; 8 ROP,Redwood,512-1024,128,5200,13000,520000,28800,400,13000,DX11,GDDR3,40nm,627m,PCIe2.1,no,Upper Budget,2010,Radeon HD 5570,473,177,163.99,2.89,39.0,12.14,2012,Desktop
135,Radeon HD 5750,700,4600(1150),720 SP; 36 TMU; 16 ROP,Juniper,512-1024,128,11200,25200,1008000,73600,720,25200,DX11,GDDR5,40nm,1.04b,PCIe2.1,6pin,Mainstream,2009,Radeon HD 5750,1156,336,69.99,16.52,86.0,13.44,2012,Desktop
136,Radeon HD 5830,800,4000(1000),1120 SP; 56 TMU; 16 ROP,Cypress,1024,256,12800,44800,1792000,128000,1120,44800,DX11,GDDR5,40nm,2.15b,PCIe2.1,6pin(x2),Upper Mainstream,2010,Radeon HD 5830,1735,382,258.99,6.7,175.0,9.91,2012,Desktop
137,Radeon HD 5870,850,4800(1200),1600 SP; 80 TMU; 32 ROP,Cypress,1024-2048,256,27200,68000,2720000,153600,1600,68000,DX11,GDDR5,40nm,2.15b,PCIe2.1,6pin(x2),Highend,2009,Radeon HD 5870,2266,410,295.0,7.68,228.0,9.94,2012,Desktop
138,Radeon HD 5970,725,4000(1000),1600 SP; 80 TMU; 32 ROP(x2),Hemlock,1024,256(x2),23200(x2),58000(x2),2320000(x2),128000(x2),1600(x2),58000(x2),DX11,GDDR5,40nm,2.15b(x2),PCIe2.1,6+8pin,Enthusiast,2009,Radeon HD 5970,2249,393,179.99,12.5,294.0,7.65,2012,Desktop
139,Radeon HD 6450,"650, 750","1600(800), 3600(900)",160 SP; 8 TMU; 4 ROP,Caicos,512,64,3000,6000,240000,28800,160,7500,DX11,"DDR3,GDDR5",40nm,370m,PCIe2.1,no,Budget,2011,Radeon HD 6450,200,120,89.0,2.25,18.0,11.1,2011,Desktop
140,Radeon HD 6670,800,4000(1000),480 SP; 24 TMU; 8 ROP,Turks,1024,128,6400,19200,768000,64000,480,24000,DX11,GDDR5,40nm,716m,PCIe2.1,no,Upper Budget,2011,Radeon HD 6670,745,236,68.99,10.8,66.0,11.29,2012,Desktop
141,Radeon HD 6770,850,4800(1200),800 SP; 40 TMU; 16 ROP,Juniper,1024,128,13600,34000,1360000,76800,800,34000,DX11,GDDR5,40nm,1.04b,PCIe2.1,6pin,Mainstream,2011,Radeon HD 6770,1231,313,264.99,4.65,108.0,11.4,2011,Desktop
142,Radeon HD 6850,775,4000(1000),960 SP; 48 TMU; 32 ROP,Barts,1024,256,24800,37200,1488000,128000,960,46500,DX11,GDDR5,40nm,1.7b,PCIe2.1,6pin,Upper Mainstream,2010,Radeon HD 6850,1979,425,85.0,23.29,127.0,15.59,2012,Desktop
143,Radeon HD 6970,880,5500(1375),1536 SP; 96 TMU; 32 ROP,Caymen,1024-2048,256,28160,84480,2703360,176000,1536,84480,DX11,GDDR5,40nm,2.64b,PCIe2.1,6+8pin,Highend,2010,Radeon HD 6970,2863,430,149.99,19.09,250.0,11.45,2012,Desktop
144,Radeon HD 7350,650,1600(800),80 SP; 8 TMU; 4 ROP,Cedar,512-1024,64,2600,5200,104000,12800,80,2600,DX11,GDDR3,40nm,292m,PCIe2.1,no,OEM,2012,Radeon HD 7350,193,248,,,19.1,10.13,2012,Desktop
145,Radeon HD 7470,750,3600(900),160 SP; 8 TMU; 4 ROP,Caicos,512-1024,64,3000,6000,240000,28800,160,7500,DX11,GDDR5,40nm,370m,PCIe2.1,no,OEM,2012,Radeon HD 7470,316,177,81.37,3.89,27.0,11.71,2012,Desktop
146,Radeon HD 7670,800,4000(1000),480 SP; 24 TMU; 8 ROP,Turks,512-1024,128,6400,19200,768000,640000,480,24000,DX11,GDDR5,40nm,716m,PCIe2.1,no,OEM,2012,Radeon HD 7670,813,301,,,66.0,12.31,2012,Desktop
147,Radeon HD 7850,860,4800(1200),1024 SP; 64 TMU; 32 ROP,Pitcairn,2048,256,27520,55040,1761280,153600,1024,55040,DX11.2,GDDR5,28nm,2.8b,PCIe3.0,6pin,Upper Mainstream,2012,Radeon HD 7850,3826,550,169.99,22.51,130.0,29.43,2012,Desktop
148,Radeon HD 7870 XT,925-975,6000(1500),1536 SP; 96 TMU; 32 ROP,Tahiti,2048,256,31200,93600,2995200,192000,1536,93600,DX11.2,GDDR5,28nm,4.31b,PCIe3.0,6pin(x2),Upper Mainstream,2012,Radeon HD 7870 XT,4470,661,,,185.0,24.16,2013,Desktop
149,Radeon R7 240,730-780,"1800(900), 4600(1150)",320 SP; 20 TMU; 8 ROP,Oland,2048,128,6240,15600,499200,73600,320,15600,DX12,"DDR3,GDDR5",28nm,1.04b,PCIe3.0,no,Budget,2013,Radeon R7 240,863,258,109.99,7.84,30.0,28.76,2013,Desktop
150,Radeon R7 260,1000,6000(1500),768 SP; 48 TMU; 16 ROP,Bonaire,1024-2048,128,16000,48000,1536000,96000,768,48000,DX12,GDDR5,28nm,2.08b,PCIe3.0,6pin,Lower Mainstream,2013,Radeon R7 260,2892,559,89.99,32.13,95.0,30.44,2014,Desktop
151,Radeon R9 270X,1000-1050,5600(1400),1280 SP; 80 TMU; 32 ROP,Pitcairn,2048,256,33600,84000,2688000,179200,1280,84000,DX12,GDDR5,28nm,2.8b,PCIe3.0,6pin(x2),Upper Mainstream,2013,Radeon R9 270X,4923,607,326.5,15.08,180.0,27.35,2013,Desktop
152,Radeon R9 280X,850-1000,6000(1500),2048 SP; 128 TMU; 32 ROP,Tahiti,3072,384,32000,128000,4096000,288000,2048,128000,DX12,GDDR5,28nm,4.31b,PCIe3.0,6+8pin,Highend,2013,Radeon R9 280X,6284,692,,,250.0,25.14,2016,Desktop
153,Radeon R9 290,662-947,5000(1250),2560 SP; 160 TMU; 64 ROP,Hawaii,4096,512,60608,151520,4848640,320000,2560,151520,DX12,GDDR5,28nm,6.2b,PCIe3.0,6+8pin,Highend,2013,Radeon R9 290,8409,789,,,,,2020,Unknown
154,Radeon R9 295X2,1018,5000(1250),2816 SP; 176 TMU; 64 ROP(x2),2816 SP; 176 TMU; 64 ROP(x2),Hawaii,4096,512(x2),65152(x2),179168(x2),5733376(x2),320000(x2),2816(x2),179168(x2),DX12,GDDR5,28nm,6.2b(x2),PCIe3.0,8pin(x2),Enthusiast,Radeon R9 295X2,8619,804,499.1,17.27,500.0,17.24,2014,Desktop
155,Radeon R7 370,975,5600(1400),1024 SP; 64 TMU; 32 ROP,Pitcairn,2048-4096,256,31200,62400,1996800,179200,1024,62400,DX12,GDDR5,28nm,2.8b,PCIe3.0,6pin,Mainstream,2015,Radeon R7 370,4479,595,,,150.0,29.86,2016,Desktop
156,Radeon R9 380,970,5500(1375),1792 SP; 112 TMU; 32 ROP,Tonga,2048-4096,256,31040,108640,3476480,176000,1792,108640,DX12,GDDR5,28nm,5b,PCIe3.0,6pin(x2),Mainstream,2015,Radeon R9 380,6275,675,89.99,69.73,190.0,33.02,2016,Desktop
157,Radeon R9 390,1000,6000(1500),2560 SP; 160 TMU; 64 ROP,Hawaii,8192,512,64000,160000,5120000,384000,2560,160000,DX12,GDDR5,28nm,6.2b,PCIe3.0,8pin(x2),Highend,2015,Radeon R9 390,9008,816,,,275.0,32.76,2016,Desktop
158,Radeon R9 Fury X,1050,1000(500),4096 SP; 256 TMU; 64 ROP,Fiji,4096,4096,67200,268800,8601600,512000,4096,268800,DX12,HBM,28nm,8.9b,PCIe3.0,8pin(x2),Enthusiast,2015,Radeon R9 Fury X,10088,875,,,,,2020,Unknown
159,Radeon RX 460,1090-1200,7000(1750),896 SP; 56 TMU; 16 ROP,Polaris 11,4096,128,19200,67200,2150400,112000,896,67200,DX12,GDDR5,14nm,3b,PCIe3.0,no,Lower Mainstream,2016,Radeon RX 460,4114,570,166.81,24.66,75.0,54.86,2016,Desktop
160,Radeon RX 540,1219,6000(1500),512 SP; 32 TMU; 16 ROP,Lexa,2048-4096,128,19504,39008,1248256,96000,512,39008,DX12,GDDR5,14nm,2.2b,PCIe3.0,no,OEM,,Radeon RX 540,1793,399,,,,,2017,Desktop
161,Radeon RX 560,1175-1275,7000(1750),1024 SP; 64 TMU; 16 ROP,Polaris 21,2048-4096,128,20400,81600,2611200,112000,1024,81600,DX12,GDDR5,14nm,3b,PCIe3.0,no,Upper Budget,2017,Radeon RX 560,3594,506,225.91,15.91,80.0,44.92,2017,Desktop
162,Radeon RX 580,1257-1340,8000(2000),2304 SP; 144 TMU; 32 ROP,Polaris 20,4096-8192,256,42880,192960,6174720,256000,2304,192960,DX12,GDDR5,14nm,5.7b,PCIe3.0,6pin,Upper Mainstream,2017,Radeon RX 580,8907,772,349.0,25.52,185.0,48.14,2017,Desktop
163,Radeon RX 590,1469-1545,8000(2000),2304 SP; 144 TMU; 32 ROP,Polaris 30,8192,256,49440,222480,7119360,256000,2304,222480,DX12,GDDR5,12nm,5.7b,PCIe3.0,6pin,Upper Mainstream,2018,Radeon RX 590,9665,810,549.99,17.57,175.0,55.23,2018,Desktop
164,Radeon RX Vega 64,1247-1546,1890(945),4096 SP; 256 TMU; 64 ROP,Vega 10,8192,2048,98944,395776,12664832,483840,4096,395776,DX12,HBM2,14nm,12.5b,PCIe3.0,8pin(x2),Enthusiast,2017,Radeon RX Vega 64,14636,810,799.99,18.3,295.0,49.62,2017,Desktop
165,Radeon VII,1400-1750,2000(1000),3840 SP; 240 TMU; 64 ROP,Vega 20,16384,4096,112000,420000,13440000,1024000,3840,420000,DX12,HBM2,7nm,13.2b,PCIe3.0,8pin(x2),Extreme,2019,Radeon VII,16767,788,1899.95,8.82,300.0,55.89,2019,Desktop
166,Radeon RX 6600,1626-2044-2491,14000(1750),1792 SP; 112 TMU; 64 ROP,Navi 23,8192,128,159424,278992,8927744,224000,1792,278992,DX12U,GDDR6,7nm,11.1b,PCIe4.0,8pin,Highend,2021,Radeon RX 6600,13881,945,,,,,2021,Unknown
167,Radeon RX 6800,1700-1815-2105,16000(2000),3840 SP; 240 TMU; 96 ROP,Navi 21,16384,256,202080,505200,16166400,512000,3840,505200,DX12U,GDDR6,7nm,26.8b,PCIe4.0,8pin(x2),Enthusiast,2020,Radeon RX 6800,20667,1030,758.99,27.23,250.0,82.67,2020,Desktop
168,GeForce 256,120,166,4 PP/TMU/ROP,NV10,32,128,480,480,,2656,0.5,15,DX7,SDR,220nm,23m,"AGP4X,PCI",no,Enthusiast,1999,GeForce 256,5,201,42.04,0.12,,,2009,Unknown
169,GeForce2 MX,175,"166, 333(166)",2 PP; 4 TMU; 2 ROP,NV11,32-64,64-128,350,700,,2664,0.5,21.9,DX7,SDR,180nm,20m,AGP4X,no,Mainstream,2000,GeForce2 MX,3,143,,,,,2011,Desktop
170,GeForce2 Ultra,250,460(230),4 PP; 8 TMU; 4 ROP,NV15,32-64,128,1000,2000,,7360,0.5,31.3,DX7,DDR(TSOP),180nm,25m,AGP4X,no,Enthusiast,2000,GeForce2 Ultra,6,147,,,,,2009,Desktop
171,GeForce FX 5200,250,"333(166), 400(200)",4 PP/TMU/ROP,NV34,128-256,64-128,1000,1000,8000,6400,1,62.5,DX9,DDR(TSOP),150nm,45m,"AGP8X,PCI",no,Lower Mainstream,2003,GeForce FX 5200,8,154,129.0,0.06,,,2010,Desktop
172,GeForce FX 5500,270,400(200),4 PP/TMU/ROP,NV34,128-256,64-128,1080,1080,8640,6400,1,67.5,DX9,DDR(TSOP),150nm,45m,"AGP8X,PCI",no,Mainstream,2004,GeForce FX 5500,8,152,153.97,0.05,,,2009,Desktop
173,GeForce FX 5600,325,550(275),4 PP/TMU/ROP,NV31,128,128,1300,1300,10400,8800,1,81.3,DX9,DDR(TSOP),130nm,80m,AGP8X,no,Mainstream,2003,GeForce FX 5600,13,168,,,,,2009,Desktop
174,GeForce FX 5600 Ultra,400,"650(325), 800(400)",4 PP/TMU/ROP,NV31,128,128,1600,1600,12800,12800,1,100,DX9,DDR(BGA),130nm,80m,AGP8X,4pin,Upper Mainstream,2003,GeForce FX 5600 Ultra,17,122,,,,,2009,Desktop
175,GeForce FX 5700LE,250,400(200),4 PP/TMU/ROP,NV36,128-256,64-128,1000,1000,8000,6400,3,187.5,DX9,DDR(TSOP),150nm,82m,AGP8X,no,Lower Mainstream,2003,GeForce FX 5700LE,25,147,,,,,2009,Desktop
176,GeForce FX 5900,400,850(425),4 PP; 8 TMU; 4 ROP,NV35,128,256,1600,3200,12800,27200,3,300,DX9,DDR(BGA),130nm,135m,AGP8X,4pin,Highend,2003,GeForce FX 5900,35,188,,,,,2009,Desktop
177,GeForce FX 5900 Ultra,450,850(425),4 PP; 8 TMU; 4 ROP,NV35,256,256,1800,3600,14400,27200,3,337.5,DX9,DDR(BGA),130nm,135m,AGP8X,4pin,Enthusiast,2003,GeForce FX 5900 Ultra,41,170,,,,,2009,Desktop
178,GeForce PCX 5750,425,"500(250), 550(275)",4 PP/TMU/ROP,NV36,128-256,128,1700,1700,13600,8800,3,318.8,DX9,DDR(TSOP),150nm,82m,PCIe16X,no,Mainstream,2004,GeForce PCX 5750,35,310,,,,,2010,Desktop
179,GeForce 6600,"350, 400","500(250), 550(275), 800(400)",8 PP/TMU; 4 ROP,NV43,128-256,64-128,1600,3200,28800,12800,3,300,DX9c,"DDR(TSOP),DDR2",110nm,146m,"PCIe16X,AGP8X",no,Mainstream,2004,GeForce 6600,88,69,264.0,0.33,,,2009,Desktop
180,GeForce 6800,325,700(350),12 PP/TMU/ROP,NV40,128,256,3900,3900,46800,22400,5,406.3,DX9c,DDR(BGA),130nm,222m,AGP8X,4pin,Upper Mainstream,2004,GeForce 6800,113,258,559.29,0.2,,,2009,Desktop
181,GeForce 8800 Ultra,612 (1500),2160(1080),128 SP; 32 TMU; 24 ROP,G80,768,384,14688,19584,576000,103680,128,12000,DX10,GDDR3,90nm,681m,PCIe16X,6pin(x2),Extreme,2007,GeForce 8800 Ultra,639,372,,,171.0,3.73,2009,Desktop
182,GeForce GT 120,500 (1400),1000(500),32 SP; 16 TMU; 8 ROP,"G96,G96-B1",512,128,4000,8000,134400,16000,32,2800,DX10,"DDR2,GDDR3","65,55nm",~314m,PCIe2.0,no,OEM,,GeForce GT 120,175,91,29.99,5.82,50.0,3.49,2009,Desktop
183,GeForce 210,589 (1402),1000(500),16 SP; 8 TMU; 4 ROP,GT218,512,64,4712,9424,67296,8000,16,1402,DX10.1,DDR2,40nm,260m,PCIe2.0,no,Budget,2009,GeForce 210,97,39,54.92,1.77,30.5,3.19,2009,Desktop
184,GeForce GT 240,550 (1340),"1600(800), 3400(850)",96 SP; 32 TMU; 8 ROP,GT215,512-1024,128,4400,17600,385920,54400,96,8040,DX10.1,"DDR3, GDDR5",40nm,727m,PCIe2.0,no,Lower Mainstream,2009,GeForce GT 240,543,78,160.97,3.37,69.0,7.87,2012,Desktop
185,GeForce GTS 250,738 (1836),2200(1100),128 SP; 64 TMU; 16 ROP,G92-B1,512-1024,256,11808,47232,705024,70400,128,14688,DX10,GDDR3,55nm,~754m,PCIe2.0,6pin,Upper Mainstream,2009,GeForce GTS 250,618,91,69.99,8.84,150.0,4.12,2012,Desktop
186,GeForce GTX 280,603 (1296),2214(1107),240 SP; 80 TMU; 32 ROP,GT200,1024,512,19296,48240,933120,141696,240,19440,DX10,GDDR3,65nm,1.4b,PCIe2.0,6+8pin,Enthusiast,2008,GeForce GTX 280,1181,121,522.78,2.26,236.0,5.0,2012,Desktop
187,GeForce GTX 295,576 (1242),1998(999),240 SP; 80 TMU; 28 ROP(x2),GT200-B1,896,448(x2),16128(x2),46080(x2),894240(x2),111888(x2),240(x2),18630(x2),DX10,GDDR3,55nm,~1.4b(x2),PCIe2.0,6+8pin,Enthusiast,2009,GeForce GTX 295,1171,150,159.99,7.32,289.0,4.05,2009,Desktop
188,GeForce GT 330,550 (1340),1600(800),96 SP; 32 TMU; 8 ROP,GT215,1024,128,4400,17600,385920,25600,96,8040,DX10.1,"DDR3, GDDR5",40nm,727m,PCIe2.0,no,OEM,,GeForce GT 330,422,119,39.99,10.55,,,2010,Unknown
189,GeForce GT 440,810 (1620),"1800(900), 3200(800)",96 SP; 16 TMU; 4 ROP,GF108,512-1024,128,3240,12960,311040,51200,96,9720,DX11,"DDR3, GDDR5",40nm,585m,PCIe2.0,no,Upper Budget,2011,GeForce GT 440,766,238,225.0,3.4,65.0,11.78,2010,Desktop
190,GeForce GTX 460,675 (1350),3600(900),336 SP; 56 TMU; 32 ROP,GF104,1024,256,21600,37800,907200,115200,336,28350,DX11,GDDR5,40nm,1.95b,PCIe2.0,6pin(x2),Upper Mainstream,2010,GeForce GTX 460,2289,381,89.99,25.44,150.0,15.26,2012,Desktop
191,GeForce GTX 470,607 (1215),3348(837),448 SP; 56 TMU; 40 ROP,GF100,1280,320,16996,33992,1088640,133920,448,34020,DX11,GDDR5,40nm,3b,PCIe2.0,6pin(x2),Highend,2010,GeForce GTX 470,3147,381,59.99,52.45,215.0,14.64,2012,Desktop
192,GeForce GT 530,700 (1400),1800(900,96 SP; 16 TMU; 16 ROP,GF116,1024-2048,128,11200,11200,268800,28800,96,8400,DX11,DDR3,40nm,1.17b,PCIe2.0,no,OEM,2011,GeForce GT 530,676,227,49.0,13.79,50.0,13.52,2011,Desktop
193,GeForce GTX 555,776 (1552),3828(957),288 SP; 48 TMU; 24 ROP,GF114,1024,192,18624,37248,893952,91872,288,27936,DX11,GDDR5,40nm,1.95b,PCIe2.0,6pin(x2),OEM,2011,GeForce GTX 555,1807,485,,,150.0,12.05,2012,Desktop
194,GeForce GTX 560 Ti,822 (1644),4008(1002),384 SP; 64 TMU; 32 ROP,GF114,1024,256,26304,52608,1262592,128256,384,39456,DX11,GDDR5,40nm,1.95b,PCIe2.0,6pin(x2),Upper Mainstream,2011,GeForce GTX 560 Ti,3056,416,129.99,23.51,170.0,17.98,2012,Desktop
195,GeForce GTX 580,772 (1544),4008(1002),512 SP; 64 TMU; 48 ROP,GF110,1536-3072,384,24704,49408,1581056,192384,512,49408,DX11,GDDR5,40nm,3b,PCIe2.0,6+8pin,Enthusiast,2010,GeForce GTX 580,4538,456,139.92,32.43,244.0,18.6,2012,Desktop
196,GeForce 605,523 (1046),1800(900),48 SP; 8 TMU; 4 ROP,GF119,512-1024-2048,64,2092,4184,100416,14400,48,3138,DX11,DDR3,40nm,,PCIe2.0,no,OEM,2012,GeForce 605,305,179,136.83,2.23,,,2012,Unknown
197,GeForce GT 620,810 (1620),1800(900),48 SP; 8 TMU; 4 ROP,GF119,512-1024-2048,64,3240,6480,155520,14400,48,4860,DX11,DDR3,40nm,,PCIe2.0,no,OEM,2012,GeForce GT 620,365,162,154.0,2.37,30.0,12.16,2012,Desktop
198,GeForce GT 640,900,1782(891),384 SP; 32 TMU; 16 ROP,GK107,1024-2048-4096,128,14400,28800,691200,42768,384,21600,DX11,DDR3,28nm,1.3b,PCIe3.0,no,Lower Mainstream,2012,GeForce GT 640,1182,285,109.99,10.74,65.0,18.18,2011,Desktop
199,GeForce GTX 645,824,4000(1000),576 SP; 48 TMU; 16 ROP,GK106,1024,128,13184,39552,949248,64000,576,29664,DX11,GDDR5,28nm,2.45b,PCIe3.0,no,OEM,2013,GeForce GTX 645,1858,432,,,64.0,29.03,2013,Desktop
200,GeForce GTX 650 Ti,928,5400(1350),768 SP; 64 TMU; 16 ROP,GK106,1024-2048,128,14848,59392,1425408,86400,768,44544,DX11,GDDR5,28nm,2.45b,PCIe3.0,6pin,Mainstream,2012,GeForce GTX 650 Ti,2527,400,93.05,27.16,110.0,22.98,2012,Desktop
201,GeForce GTX 660,980-1033,6008(1502),960 SP; 80 TMU; 24 ROP,GK106,2048,192,24792,82640,1983360,144192,960,61980,DX11,GDDR5,28nm,2.45b,PCIe3.0,6pin,Upper Mainstream,2012,GeForce GTX 660,4004,476,167.95,23.84,140.0,28.6,2012,Desktop
202,GeForce GTX 670,915-980,6008(1502),1344 SP; 112 TMU; 32 ROP,GK104,2048,256,31360,109760,2634240,192256,1344,82320,DX11,GDDR5,28nm,3.5b,PCIe3.0,6pin(x2),Highend,2012,GeForce GTX 670,5304,523,193.98,27.34,170.0,31.2,2012,Desktop
203,GeForce GTX 690,915-1019,6008(1502),1536 SP; 128 TMU; 32 ROP(x2),1536 SP; 128 TMU; 32 ROP(x2),GK104,2048,256(x2),32608(x2),130432(x2),3130368(x2),192256(x2),1536(x2),97824(x2),DX11,GDDR5,28nm,3.5b(x2),PCIe3.0,8pin(x2),Enthusiast,GeForce GTX 690,5654,458,280.99,20.12,300.0,18.85,2012,Desktop
204,GeForce GT 710,954,1800(900),192 SP; 16 TMU; 8 ROP,GK208,1024-2048,64,7632,15264,366336,14400,192,15264,DX11,DDR3,28nm,,PCIe2.0,no,Budget,2014,GeForce GT 710,637,214,102.99,6.18,25.0,25.47,2014,Desktop
205,GeForce GT 730,900,"1800(900), 5000(1250)",384 SP; 32 TMU; 16 ROP,GK107,1024-2048-4096,64,14400,28800,691200,40000,384,21600,DX11,DDR3,28nm,1.3b,PCIe2.0,no,Upper Budget,2014,GeForce GT 730,812,238,109.99,7.38,49.0,16.56,2014,Desktop
206,GeForce GT 740,933,"1800(900), 5000(1250)",384 SP; 32 TMU; 16 ROP,GK107,2048-4096,128,14928,29856,716544,80000,384,22392,DX11,"DDR3, GDDR5",28nm,1.3b,PCIe3.0,no,Upper Budget,2014,GeForce GT 740,1529,344,236.99,6.45,64.0,23.88,2014,Desktop
207,GeForce GTX 750,1020-1085,5000(1250),512 SP; 32 TMU; 16 ROP,GM107,1024,128,17360,34720,1111040,80000,512,34720,DX11,GDDR5,28nm,1.87b,PCIe3.0,no,Lower Mainstream,2014,GeForce GTX 750,3399,480,219.99,15.45,55.0,61.8,2014,Desktop
208,GeForce GTX 760,980-1033,6008(1502),1152 SP; 96 TMU; 32 ROP,GK104,2048-4096,256,33056,99168,2380032,192256,1152,74376,DX11,GDDR5,28nm,3.5b,PCIe3.0,6pin(x2),Upper Mainstream,2013,GeForce GTX 760,4775,523,149.0,32.05,170.0,28.09,2013,Desktop
209,GeForce GTX 770,1046-1085,7000(1750),1536 SP; 128 TMU; 32 ROP,GK104,2048,256,34720,138880,3333120,224000,1536,104160,DX11,GDDR5,28nm,3.5b,PCIe3.0,6pin(x2),Highend,2013,GeForce GTX 770,5892,551,249.0,23.66,230.0,25.62,2013,Desktop
210,GeForce GTX 780 Ti,875-928,7000(1750),2880 SP; 240 TMU; 48 ROP,GK110-B1,3072,384,44544,222720,5345280,336000,2880,167040,DX11,GDDR5,28nm,7.1b,PCIe3.0,6+8pin,Enthusiast,2013,GeForce GTX 780 Ti,9312,626,339.99,27.39,250.0,37.25,2013,Desktop
211,GeForce GTX Titan Z,706-876,7000(1750),2880 SP; 240 TMU; 48 ROP(x2),2880 SP; 240 TMU; 48 ROP(x2),GK110-B1,6144,384(x2),42048(x2),210240(x2),5045760(x2),336000(x2),2880(x2),157680(x2),DX11,GDDR5,28nm,7.1b(x2),PCIe3.0,8pin(x2),Extreme,GeForce GTX TITAN Z,9189,648,1515.0,6.07,375.0,24.5,2014,Desktop
212,GeForce GTX 960,1126-1178,7000(1750),1024 SP; 64 TMU; 32 ROP,GM206,2048-4096,128,32696,75392,2412544,112000,1024,75392,DX11.3,GDDR5,28nm,2.94b,PCIe3.0,6pin,Mainstream,2015,GeForce GTX 960,6042,671,172.0,35.13,120.0,50.35,2015,Desktop
213,GeForce GTX 980,1126-1216,7000(1750),2048 SP; 128 TMU; 64 ROP,GM204,4096,256,77824,155648,4980736,224000,2048,155648,DX11.3,GDDR5,28nm,5.2b,PCIe3.0,6pin(x2),Enthusiast,2014,GeForce GTX 980,11237,815,247.35,45.43,165.0,68.1,2014,Desktop
214,GeForce GTX Titan X,1000-1075,7000(1750),3072 SP; 192 TMU; 96 ROP,GM200,12288,384,103200,206400,6604800,336000,3072,206400,DX11.3,GDDR5,28nm,8b,PCIe3.0,6+8pin,Extreme,2015,GeForce GTX TITAN X,13173,843,1096.99,12.01,250.0,52.69,2015,Desktop
215,GeForce GTX 1060,1506-1708,"8000(2000), 9000(2250)",1280 SP; 80 TMU; 48 ROP,GP106,5120-6144,160-192,81984,136640,4372480,216000,1280,136640,DX12,GDDR5,16nm,4.4b,PCIe3.0,6pin,Upper Mainstream,2016,GeForce GTX 1060,10070,762,279.99,35.97,120.0,83.92,2016,Desktop
216,GeForce GTX 1070,1506-1683,8000(2000),1920 SP; 120 TMU; 64 ROP,GP104,8192,256,107712,201960,6462720,256000,1920,201960,DX12,GDDR5,16nm,7.2b,PCIe3.0,8pin,Highend,2017,GeForce GTX 1070,13482,857,342.55,39.36,150.0,89.88,2016,Desktop
217,GeForce GTX 1080,1607-1733,"10000(1250), 11000(1375)",2560 SP; 160 TMU; 64 ROP,GP104,8192,256,110912,277280,8872960,352000,2560,277280,DX12,GDDR5X,16nm,7.2b,PCIe3.0,8pin,Enthusiast,2016,GeForce GTX 1080,15265,890,442.79,34.47,180.0,84.8,2016,Desktop
218,Titan V,1200-1455,1700(850),5120 SP; 320 TMU; 96 ROP,GV100,12288,3072,139680,465600,14899200,652800,5120,465600,DX12,HBM2,12nm,21b,PCIe3.0,6+8pin,Extreme,2017,TITAN V,18816,845,1999.99,9.41,250.0,75.26,2017,Desktop
219,GeForce GTX 1650 Super,1530-1725,12000(1500),1280 SP; 80 TMU; 32 ROP,TU116,4096,128,55200,138000,4416000,192000,1280,138000,DX12,GDDR6,12nm,6.6b,PCIe3.0,6pin,Mainstream,2019,GeForce GTX 1650 SUPER,10032,761,441.05,22.75,100.0,100.32,2019,Desktop
220,GeForce GTX 1660 Super,1530-1785,14000(1750),1408 SP; 88 TMU; 48 ROP,TU116,6144,192,85680,157080,5026560,336000,1408,157080,DX12,GDDR6,12nm,6.6b,PCIe3.0,8pin,Upper Mainstream,2019,GeForce GTX 1660 SUPER,12732,823,329.99,38.58,125.0,101.85,2019,Desktop
221,GeForce RTX 2060,1356-1680,14000(1750),1920 SP; 120 TMU; 48 ROP,TU106,6144,192,80640,201600,6451200,336000,1920,201600,DX12U,GDDR6,12nm,10.8b,PCIe3.0,8pin,Highend,2019,GeForce RTX 2060,13953,752,389.99,35.78,160.0,87.2,2019,Desktop
222,GeForce RTX 2070,1410-1620,14000(1750),2304 SP; 144 TMU; 64 ROP,TU106,8192,256,103680,233280,7464960,448000,2304,233280,DX12U,GDDR6,12nm,10.8b,PCIe3.0,8pin,Enthusiast,2018,GeForce RTX 2070,16079,833,627.44,25.63,175.0,91.88,2018,Desktop
223,GeForce RTX 2080,1515-1710,14000(1750),2944 SP; 184 TMU; 64 ROP,TU104,8192,256,109440,314640,10068480,448000,2944,314640,DX12U,GDDR6,12nm,13.6b,PCIe3.0,8pin(x2),Extreme,2018,GeForce RTX 2080,18732,917,633.03,29.59,250.0,74.93,2018,Desktop
224,GeForce RTX 2080 Ti,1350-1545,14000(1750),4352 SP; 272 TMU; 88 ROP,TU102,11264,352,135960,420240,13447680,616000,4352,420240,DX12U,GDDR6,12nm,18.4b,PCIe3.0,8pin(x2),Extreme,2018,GeForce RTX 2080 Ti,21796,940,998.59,21.83,250.0,87.18,2018,Desktop
225,GeForce RTX 3050,1552-1777,14000(1750),2560 SP; 80 TMU; 32 ROP,GA106,8192,128,56864,142160,9098240,224000,2560,284320,DX12U,GDDR6,8nm,13.3b,PCIe4.0,8pin,Upper Mainstream,2022,GeForce RTX 3050,12718,911,,,,,2022,Unknown
226,GeForce RTX 3060 Ti,1410-1665,14000(1750),4864 SP; 152 TMU; 80 ROP,GA104,8192,256,133200,306360,16197120,448000,4864,506160,DX12U,GDDR6,8nm,17.4b,PCIe4.0,8pin/12pin,Highend,2020,GeForce RTX 3060 Ti,20206,961,599.99,33.68,200.0,101.03,2020,Desktop
227,GeForce RTX 3070 Ti,1575-1770,19000(2375),6144 SP; 192 TMU; 96 ROP,GA104,8192,256,169920,339840,30812160,608000,6144,679680,DX12U,GDDR6X,8nm,17.4b,PCIe4.0,8pin/12pin,Enthusiast,2021,GeForce RTX 3070 Ti,23367,1003,749.99,31.16,290.0,80.58,2021,Desktop
228,GeForce RTX 3080 Ti,1365-1665,19000(2375),10240 SP; 320 TMU; 112 ROP,GA102,12288,384,186480,532800,34099200,936000,10240,1065600,DX12U,GDDR6X,8nm,28b,PCIe4.0,8pin(x2)/12pin,Extreme,2021,GeForce RTX 3080 Ti,26887,1031,1199.99,22.41,350.0,76.82,2021,Desktop
229,GeForce RTX 3090 Ti,1560-1860,21000(2625),10496 SP; 336 TMU; 112 ROP,GA102,24576,384,208320,624960,39045120,1008000,10496,1220160,DX12U,GDDR6X,8nm,28b,PCIe4.0,8pin(x2)/12pin,Extreme,2022,GeForce RTX 3090 Ti,29094,1117,2099.99,13.85,450.0,64.65,2022,Unknown
