,Name,Benchmark CPU.Value,Benchmark CPU.Rating,CPU Impact on FPS.Value,Average 1080p Performance.Value,Average 1440p Performance.Value,(Ultrawide) Average 1440p Performance.Value,Average 4K Performance.Value
0,NVIDIA GeForce RTX 4080 Ti, AMD Ryzen 9 5950X ($710),5/5 Excellent,+ 0.0 FPS, 345.1 FPS, 262.8 FPS, 228.9 FPS, 165.1 FPS
1,NVIDIA GeForce RTX 3060 Ti, Intel Core i9-10900K ($590),5/5 Excellent,+ 0.0 FPS, 150.0 FPS, 113.8 FPS, 98.0 FPS, 69.3 FPS
2,AMD Radeon RX 6900 XT, Intel Core i9-10900K ($590),5/5 Excellent,+ 0.0 FPS, 250.1 FPS, 186.9 FPS, 156.6 FPS, 105.9 FPS
3,AMD Radeon RX 5600 XT, Intel Core i7-8700K @ 3.70GHz ($369.89),5/5 Excellent,+ 0.0 FPS, 105.8 FPS, 78.6 FPS, 67.1 FPS, 46.8 FPS
4,AMD Radeon RX 6700 XT, Intel Core i9-10900K ($590),5/5 Excellent,+ 0.0 FPS, 163.2 FPS, 122.0 FPS, 103.0 FPS, 70.6 FPS
5,NVIDIA GeForce RTX 3060, Intel Core i9-10900K ($590),5/5 Excellent,+ 0.0 FPS, 124.3 FPS, 92.0 FPS, 78.9 FPS, 55.4 FPS
6,NVIDIA GeForce RTX 3080 Ti, Intel Core i9-10900K ($590),5/5 Excellent,+ 0.0 FPS, 241.8 FPS, 182.0 FPS, 157.6 FPS, 112.6 FPS
7,NVIDIA GeForce RTX 3070 Ti, Intel Core i9-10900K ($590),5/5 Excellent,+ 0.0 FPS, 187.2 FPS, 139.3 FPS, 122.1 FPS, 89.0 FPS
8,NVIDIA GeForce RTX 3050 Ti, Intel Core i9-10900K ($590),5/5 Excellent,+ 0.0 FPS, 102.3 FPS, 74.3 FPS, 63.5 FPS, 44.3 FPS
9,NVIDIA GeForce RTX 3050, Intel Core i9-10900K ($590),5/5 Excellent,+ 0.0 FPS, 92.9 FPS, 68.5 FPS, 58.6 FPS, 41.1 FPS
10,AMD Radeon RX 6600 XT, Intel Core i9-10900K ($590),5/5 Excellent,+ 0.0 FPS, 135.8 FPS, 101.5 FPS, 86.1 FPS, 59.5 FPS
11,NVIDIA GeForce RTX 4060, AMD Ryzen 9 5950X ($710),5/5 Excellent,+ 0.0 FPS, 195.1 FPS, 145.2 FPS, 124.8 FPS, 88.1 FPS
12,NVIDIA GeForce RTX 4060 Ti, AMD Ryzen 9 5950X ($710),5/5 Excellent,+ 0.0 FPS, 225.0 FPS, 168.4 FPS, 145.3 FPS, 103.2 FPS
13,NVIDIA GeForce RTX 4070, AMD Ryzen 9 5950X ($710),5/5 Excellent,+ 0.0 FPS, 295.8 FPS, 225.3 FPS, 196.2 FPS, 141.5 FPS
14,NVIDIA GeForce RTX 4080, AMD Ryzen 9 5950X ($710),5/5 Excellent,+ 0.0 FPS, 320.5 FPS, 244.0 FPS, 212.5 FPS, 153.2 FPS
15,NVIDIA GeForce RTX 4090, AMD Ryzen 9 5950X ($710),5/5 Excellent,+ 0.0 FPS, 369.8 FPS, 281.6 FPS, 245.2 FPS, 176.8 FPS
16,ATI Radeon HD 4870, Intel Core i7-965 @ 3.20GHz ($139.99),2/5 Acceptable,+ 0.0 FPS, 14.6 FPS, 9.1 FPS, 7.9 FPS, 5.7 FPS
17,NVIDIA GeForce GTX 280, Intel Core i7-965 @ 3.20GHz ($139.99),2/5 Acceptable,+ 0.0 FPS, 19.2 FPS, 11.7 FPS, 10.2 FPS, 7.3 FPS
18,NVIDIA GeForce GTX 260, Intel Core i7-965 @ 3.20GHz ($139.99),2/5 Acceptable,+ 0.0 FPS, 14.9 FPS, 9.0 FPS, 7.8 FPS, 5.6 FPS
19,NVIDIA GeForce GTX 260 Core 216, Intel Core i7-965 @ 3.20GHz ($139.99),2/5 Acceptable,+ 0.0 FPS, 16.6 FPS, 10.1 FPS, 8.8 FPS, 6.3 FPS
20,NVIDIA GeForce GTX 285, Intel Core i7-965 @ 3.20GHz ($139.99),2/5 Acceptable,+ 0.0 FPS, 19.9 FPS, 12.6 FPS, 10.9 FPS, 7.8 FPS
21,NVIDIA GeForce GTX 480, Intel Core i7-975 @ 3.33GHz ($179.99),2/5 Acceptable,+ 0.0 FPS, 27.8 FPS, 18.2 FPS, 15.8 FPS, 11.3 FPS
22,NVIDIA GeForce GTX 470, Intel Core i7-975 @ 3.33GHz ($179.99),2/5 Acceptable,+ 0.0 FPS, 26.2 FPS, 14.2 FPS, 12.4 FPS, 8.9 FPS
23,NVIDIA GeForce GTS 450, Intel Core i7-975 @ 3.33GHz ($179.99),2/5 Acceptable,+ 0.0 FPS, 14.5 FPS, 7.5 FPS, 6.5 FPS, 4.7 FPS
24,AMD Radeon HD 6850, Intel Core i7-975 @ 3.33GHz ($179.99),2/5 Acceptable,+ 0.0 FPS, 23.7 FPS, 12.4 FPS, 10.8 FPS, 7.7 FPS
25,AMD Radeon HD 6870, Intel Core i7-975 @ 3.33GHz ($179.99),2/5 Acceptable,+ 0.0 FPS, 28.6 FPS, 14.7 FPS, 12.8 FPS, 9.2 FPS
26,NVIDIA GeForce GTX 580, Intel Core i7-975 @ 3.33GHz ($179.99),2/5 Acceptable,+ 0.0 FPS, 41.3 FPS, 29.2 FPS, 23.1 FPS, 13.9 FPS
27,AMD Radeon HD 6970, Intel Core i7-975 @ 3.33GHz ($179.99),2/5 Acceptable,+ 0.0 FPS, 35.3 FPS, 25.0 FPS, 19.7 FPS, 11.8 FPS
28,AMD Radeon HD 6950, Intel Core i7-975 @ 3.33GHz ($179.99),2/5 Acceptable,+ 0.0 FPS, 31.0 FPS, 21.9 FPS, 17.2 FPS, 10.3 FPS
29,NVIDIA GeForce GTX 570, Intel Core i7-975 @ 3.33GHz ($179.99),2/5 Acceptable,+ 0.0 FPS, 37.5 FPS, 25.9 FPS, 20.4 FPS, 12.3 FPS
30,NVIDIA GeForce GTX 560 Ti, Intel Core i7-2600K @ 3.40GHz ($197.99),3/5 Good,+ 0.0 FPS, 31.4 FPS, 21.0 FPS, 16.6 FPS, 10.0 FPS
31,AMD Radeon HD 6990, Intel Core i7-2600K @ 3.40GHz ($197.99),3/5 Good,+ 0.0 FPS, 55.2 FPS, 40.6 FPS, 31.6 FPS, 18.5 FPS
32,NVIDIA GeForce GTX 590, Intel Core i7-2600K @ 3.40GHz ($197.99),3/5 Good,+ 0.0 FPS, 59.2 FPS, 42.5 FPS, 33.0 FPS, 19.2 FPS
33,NVIDIA GeForce GTX 550 Ti, Intel Core i7-2600K @ 3.40GHz ($197.99),3/5 Good,+ 0.0 FPS, 19.5 FPS, 9.2 FPS, 8.0 FPS, 5.7 FPS
34,NVIDIA GeForce GTX 560, Intel Core i7-2600K @ 3.40GHz ($197.99),3/5 Good,+ 0.0 FPS, 27.3 FPS, 13.9 FPS, 12.1 FPS, 8.7 FPS
35,AMD Radeon HD 7970, Intel Core i7-2600K @ 3.40GHz ($197.99),3/5 Good,+ 0.0 FPS, 51.5 FPS, 37.8 FPS, 30.4 FPS, 19.0 FPS
36,AMD Radeon HD 7950M, Intel Core i7-2700K @ 3.50GHz ($199.99) *closest mobile equivalent*,3/5 Good,+ 0.0 FPS, 30.9 FPS, 22.1 FPS, 17.0 FPS, 9.7 FPS
37,AMD Radeon HD 7750M, Intel Core i7-2700K @ 3.50GHz ($199.99) *closest mobile equivalent*,3/5 Good,+ 0.0 FPS, 13.0 FPS, 6.1 FPS, 5.3 FPS, 3.8 FPS
38,NVIDIA GeForce GTX 680M, Intel Core i7-2700K @ 3.50GHz ($199.99) *closest mobile equivalent*,3/5 Good,+ 0.0 FPS, 36.0 FPS, 26.1 FPS, 20.9 FPS, 12.9 FPS
39,AMD Radeon HD 7850M, Intel Core i7-2700K @ 3.50GHz ($199.99) *closest mobile equivalent*,3/5 Good,+ 0.0 FPS, 23.8 FPS, 16.2 FPS, 12.8 FPS, 7.7 FPS
40,NVIDIA GeForce GTX 670MX, Intel Core i7-2700K @ 3.50GHz ($199.99) *closest mobile equivalent*,3/5 Good,+ 0.0 FPS, 34.0 FPS, 24.3 FPS, 18.9 FPS, 11.1 FPS
41,NVIDIA GeForce GTX 670M, Intel Core i7-2700K @ 3.50GHz ($199.99) *closest mobile equivalent*,3/5 Good,+ 0.0 FPS, 34.0 FPS, 24.3 FPS, 18.9 FPS, 11.1 FPS
42,NVIDIA GeForce GTX 660M, Intel Core i7-2700K @ 3.50GHz ($199.99) *closest mobile equivalent*,3/5 Good,+ 0.0 FPS, 23.7 FPS, 13.6 FPS, 11.7 FPS, 8.3 FPS
43,AMD Radeon HD 7970M, Intel Core i7-2600K @ 3.40GHz ($197.99) *closest mobile equivalent*,3/5 Good,+ 0.0 FPS, 36.0 FPS, 26.4 FPS, 21.2 FPS, 13.3 FPS
44,AMD Radeon HD 7950, Intel Core i7-2700K @ 3.50GHz ($199.99),3/5 Good,+ 0.0 FPS, 44.2 FPS, 31.6 FPS, 24.3 FPS, 13.9 FPS
45,AMD Radeon HD 7750, Intel Core i7-2700K @ 3.50GHz ($199.99),3/5 Good,+ 0.0 FPS, 18.6 FPS, 8.8 FPS, 7.7 FPS, 5.5 FPS
46,AMD Radeon HD 7850, Intel Core i7-2700K @ 3.50GHz ($199.99),3/5 Good,+ 0.0 FPS, 34.1 FPS, 23.2 FPS, 18.4 FPS, 11.1 FPS
47,NVIDIA GeForce GTX 680, Intel Core i7-2700K @ 3.50GHz ($199.99),3/5 Good,+ 0.0 FPS, 51.5 FPS, 37.3 FPS, 29.9 FPS, 18.5 FPS
48,NVIDIA GeForce GTX 690, Intel Core i7-2700K @ 3.50GHz ($199.99),3/5 Good,+ 0.0 FPS, 78.8 FPS, 61.5 FPS, 49.5 FPS, 31.1 FPS
49,AMD Radeon HD 7970 GHz Edition, Intel Core i7-2700K @ 3.50GHz ($199.99),3/5 Good,+ 0.0 FPS, 59.2 FPS, 42.1 FPS, 32.8 FPS, 19.2 FPS
50,NVIDIA GeForce GT 640, Intel Core i7-2700K @ 3.50GHz ($199.99),3/5 Good,+ 0.0 FPS, 10.2 FPS, 5.9 FPS, 5.1 FPS, 3.6 FPS
51,NVIDIA GeForce GTX 660 Ti, Intel Core i7-2700K @ 3.50GHz ($199.99),3/5 Good,+ 0.0 FPS, 43.3 FPS, 30.7 FPS, 23.8 FPS, 13.7 FPS
52,NVIDIA GeForce GTX 660, Intel Core i7-2700K @ 3.50GHz ($199.99),3/5 Good,+ 0.0 FPS, 33.9 FPS, 19.4 FPS, 16.7 FPS, 11.9 FPS
53,NVIDIA GeForce GTX 650 Ti, Intel Core i7-2700K @ 3.50GHz ($199.99),3/5 Good,+ 0.0 FPS, 26.9 FPS, 13.7 FPS, 11.9 FPS, 8.5 FPS
54,NVIDIA GeForce GTX 770M, Intel Core i7-3770K @ 3.50GHz ($248.98) *closest mobile equivalent*,3/5 Good,+ 0.0 FPS, 29.8 FPS, 20.5 FPS, 17.7 FPS, 12.6 FPS
55,NVIDIA GeForce GTX 760M, Intel Core i7-3770K @ 3.50GHz ($248.98) *closest mobile equivalent*,3/5 Good,+ 0.0 FPS, 25.8 FPS, 19.1 FPS, 15.8 FPS, 10.4 FPS
56,NVIDIA GeForce GTX 780M, Intel Core i7-3770K @ 3.50GHz ($248.98) *closest mobile equivalent*,3/5 Good,+ 0.0 FPS, 39.0 FPS, 28.1 FPS, 24.2 FPS, 17.1 FPS
57,NVIDIA GeForce GTX TITAN, Intel Core i7-3770K @ 3.50GHz ($248.98),3/5 Good,+ 0.0 FPS, 67.3 FPS, 48.7 FPS, 40.6 FPS, 27.1 FPS
58,AMD Radeon HD 7790, Intel Core i7-3770K @ 3.50GHz ($248.98),3/5 Good,+ 0.0 FPS, 23.7 FPS, 13.7 FPS, 11.9 FPS, 8.5 FPS
59,NVIDIA GeForce GTX 650 Ti Boost, Intel Core i7-3770K @ 3.50GHz ($248.98),3/5 Good,+ 0.0 FPS, 29.5 FPS, 17.8 FPS, 15.5 FPS, 11.1 FPS
60,AMD Radeon HD 7990, Intel Core i7-3770K @ 3.50GHz ($248.98),3/5 Good,+ 0.0 FPS, 73.8 FPS, 56.8 FPS, 47.8 FPS, 32.5 FPS
61,NVIDIA GeForce GTX 770, Intel Core i7-3770K @ 3.50GHz ($248.98),3/5 Good,+ 0.0 FPS, 42.6 FPS, 29.2 FPS, 25.2 FPS, 17.9 FPS
62,NVIDIA GeForce GTX 780, Intel Core i7-3770K @ 3.50GHz ($248.98),3/5 Good,+ 0.0 FPS, 55.7 FPS, 40.2 FPS, 34.6 FPS, 24.5 FPS
63,NVIDIA GeForce GTX 760, Intel Core i7-3770K @ 3.50GHz ($248.98),3/5 Good,+ 0.0 FPS, 36.9 FPS, 27.3 FPS, 22.6 FPS, 14.9 FPS
64,AMD Radeon R9 290X, Intel Core i7-3770K @ 3.50GHz ($248.98),3/5 Good,+ 0.0 FPS, 61.2 FPS, 45.1 FPS, 39.1 FPS, 27.9 FPS
65,AMD Radeon R9 280X, Intel Core i7-3770K @ 3.50GHz ($248.98),3/5 Good,+ 0.0 FPS, 46.3 FPS, 33.5 FPS, 28.9 FPS, 20.5 FPS
66,AMD Radeon RX 6800, Intel Core i9-10900K ($590),5/5 Excellent,+ 0.0 FPS, 197.4 FPS, 147.6 FPS, 121.6 FPS, 79.7 FPS
67,AMD Radeon R5, Intel Core i7-4790K @ 4.00GHz ($306.99) *closest mobile equivalent*,5/5 Excellent,+ 0.0 FPS, 25.0 FPS, 17.1 FPS, 14.8 FPS, 10.5 FPS
68,AMD Radeon RX 470 Mobile, Intel Core i7-6700K @ 4.00GHz ($334.99) *closest mobile equivalent*,4/5 Very Good,+ 0.0 FPS, 37.0 FPS, 27.3 FPS, 23.3 FPS, 16.2 FPS
69,AMD Radeon R7 250, Intel Core i7-3770K @ 3.50GHz ($248.98),3/5 Good,+ 0.0 FPS, 14.1 FPS, 8.2 FPS, 7.1 FPS, 5.1 FPS
70,AMD Radeon R5, Intel Core i7-4790K @ 4.00GHz ($306.99) *closest mobile equivalent*,5/5 Excellent,+ 0.0 FPS, 25.0 FPS, 17.1 FPS, 14.8 FPS, 10.5 FPS
71,NVIDIA GeForce GTX 1060 Mobile, Intel Core i7-6700K @ 4.00GHz ($334.99) *closest mobile equivalent*,4/5 Very Good,+ 0.0 FPS, 56.9 FPS, 41.1 FPS, 35.0 FPS, 24.4 FPS
72,AMD Radeon RX 480 Mobile, Intel Core i7-6700K @ 4.00GHz ($334.99) *closest mobile equivalent*,4/5 Very Good,+ 0.0 FPS, 41.8 FPS, 31.2 FPS, 27.0 FPS, 19.2 FPS
73,AMD Radeon R9 270, Intel Core i7-3770K @ 3.50GHz ($248.98),3/5 Good,+ 0.0 FPS, 32.8 FPS, 21.9 FPS, 19.0 FPS, 13.7 FPS
74,AMD Radeon R9 290, Intel Core i7-3770K @ 3.50GHz ($248.98),3/5 Good,+ 0.0 FPS, 57.7 FPS, 42.0 FPS, 36.5 FPS, 26.2 FPS
75,NVIDIA GeForce GTX 650, Intel Core i7-2700K @ 3.50GHz ($199.99),3/5 Good,+ FPS, FPS, FPS, FPS, FPS
76,NVIDIA GeForce GTX 980M, Intel Core i7-4770K @ 3.50GHz ($284.99) *closest mobile equivalent*,4/5 Very Good,+ 0.0 FPS, 51.6 FPS, 37.5 FPS, 32.0 FPS, 22.4 FPS
77,NVIDIA GeForce GTX 970M, Intel Core i7-4770K @ 3.50GHz ($284.99) *closest mobile equivalent*,4/5 Very Good,+ 0.0 FPS, 42.5 FPS, 30.5 FPS, 26.3 FPS, 18.7 FPS
78,NVIDIA GeForce GTX 970M 6GB, Intel Core i7-4770K @ 3.50GHz ($284.99) *closest mobile equivalent*,4/5 Very Good,+ 0.0 FPS, 43.5 FPS, 31.2 FPS, 27.0 FPS, 19.2 FPS
79,AMD Radeon R9 M290X, Intel Core i7-3770K @ 3.50GHz ($248.98) *closest mobile equivalent*,3/5 Good,+ 0.0 FPS, 40.4 FPS, 29.4 FPS, 25.5 FPS, 18.3 FPS
80,AMD Radeon RX 480, Intel Core i7-6700K @ 4.00GHz ($334.99),4/5 Very Good,+ 0.0 FPS, 59.8 FPS, 44.6 FPS, 38.5 FPS, 27.4 FPS
81,NVIDIA GeForce GTX 1080, Intel Core i7-6700K @ 4.00GHz ($334.99),4/5 Very Good,+ 0.0 FPS, 109.6 FPS, 80.8 FPS, 69.0 FPS, 48.2 FPS
82,NVIDIA GeForce GTX 980MX, Intel Core i7-4770K @ 3.50GHz ($284.99) *closest mobile equivalent*,4/5 Very Good,+ 0.0 FPS, 51.6 FPS, 37.5 FPS, 32.0 FPS, 22.4 FPS
83,NVIDIA GeForce GTX 670, Intel Core i7-2700K @ 3.50GHz ($199.99),3/5 Good,+ 0.0 FPS, 48.6 FPS, 34.7 FPS, 27.0 FPS, 15.8 FPS
84,NVIDIA GeForce GTX 1070 Mobile, Intel Core i7-6700K @ 4.00GHz ($334.99) *closest mobile equivalent*,4/5 Very Good,+ 0.0 FPS, 79.5 FPS, 58.2 FPS, 49.6 FPS, 34.5 FPS
85,AMD Radeon RX 460, Intel Core i7-6700K @ 4.00GHz ($334.99),4/5 Very Good,+ 0.0 FPS, 27.8 FPS, 20.1 FPS, 17.2 FPS, 12.0 FPS
86,NVIDIA GeForce GTX 1060 3GB, Intel Core i7-6700K @ 4.00GHz ($334.99),4/5 Very Good,+ 0.0 FPS, 63.7 FPS, 46.0 FPS, 39.3 FPS, 27.4 FPS
87,AMD Radeon RX 470, Intel Core i7-6700K @ 4.00GHz ($334.99),4/5 Very Good,+ 0.0 FPS, 52.9 FPS, 39.0 FPS, 33.3 FPS, 23.2 FPS
88,AMD Radeon R7 265, Intel Core i7-4770K @ 3.50GHz ($284.99),4/5 Very Good,+ 0.0 FPS, 28.7 FPS, 19.4 FPS, 16.8 FPS, 12.0 FPS
89,NVIDIA GeForce GTX TITAN BLACK, Intel Core i7-4770K @ 3.50GHz ($284.99),4/5 Very Good,+ 0.0 FPS, 67.0 FPS, 48.6 FPS, 42.2 FPS, 30.3 FPS
90,NVIDIA GeForce GTX 1070, Intel Core i7-6700K @ 4.00GHz ($334.99),4/5 Very Good,+ 0.0 FPS, 93.6 FPS, 68.5 FPS, 58.4 FPS, 40.6 FPS
91,NVIDIA GeForce GTX 1060 6GB, Intel Core i7-6700K @ 4.00GHz ($334.99),4/5 Very Good,+ 0.0 FPS, 67.0 FPS, 48.4 FPS, 41.3 FPS, 28.8 FPS
92,NVIDIA GeForce GTX 1050 Ti, Intel Core i7-6700K @ 4.00GHz ($334.99),4/5 Very Good,+ 0.0 FPS, 39.3 FPS, 28.8 FPS, 24.6 FPS, 17.1 FPS
93,NVIDIA GeForce GTX 750 Ti, Intel Core i7-4770K @ 3.50GHz ($284.99),4/5 Very Good,+ 0.0 FPS, 25.8 FPS, 16.7 FPS, 14.4 FPS, 10.3 FPS
94,AMD Radeon R9 280, Intel Core i7-4770K @ 3.50GHz ($284.99),4/5 Very Good,+ 0.0 FPS, 38.6 FPS, 28.3 FPS, 23.8 FPS, 16.1 FPS
95,AMD Radeon R9 295X2, Intel Core i7-4770K @ 3.50GHz ($284.99),4/5 Very Good,+ 0.0 FPS, 101.1 FPS, 73.8 FPS, 64.5 FPS, 46.7 FPS
96,AMD Radeon R9 285, Intel Core i7-4770K @ 3.50GHz ($284.99),4/5 Very Good,+ 0.0 FPS, 39.5 FPS, 28.9 FPS, 24.4 FPS, 16.7 FPS
97,NVIDIA GeForce GTX 970, Intel Core i7-4770K @ 3.50GHz ($284.99),4/5 Very Good,+ 0.0 FPS, 62.2 FPS, 44.6 FPS, 38.5 FPS, 27.4 FPS
98,NVIDIA GeForce GTX 980, Intel Core i7-4770K @ 3.50GHz ($284.99),4/5 Very Good,+ 0.0 FPS, 73.7 FPS, 53.5 FPS, 45.7 FPS, 32.0 FPS
99,NVIDIA GeForce GTX 960M, Intel Core i7-4790K @ 4.00GHz ($306.99) *closest mobile equivalent*,5/5 Excellent,+ 0.0 FPS, 26.6 FPS, 19.3 FPS, 16.4 FPS, 11.4 FPS
100,NVIDIA GeForce GTX 960, Intel Core i7-4790K @ 4.00GHz ($306.99),5/5 Excellent,+ 0.0 FPS, 38.0 FPS, 27.5 FPS, 23.4 FPS, 16.3 FPS
101,AMD Radeon R9 FURY X, Intel Core i7-4790K @ 4.00GHz ($306.99),5/5 Excellent,+ 0.0 FPS, 78.0 FPS, 59.6 FPS, 51.3 FPS, 36.3 FPS
102,AMD Radeon R9 M270X, Intel Core i7-3770K @ 3.50GHz ($248.98) *closest mobile equivalent*,3/5 Good,+ 0.0 FPS, 23.0 FPS, 15.4 FPS, 13.3 FPS, 9.5 FPS
103,AMD Radeon R9 M280X 2GB, Intel Core i7-4770K @ 3.50GHz ($284.99) *closest mobile equivalent*,4/5 Very Good,+ 0.0 FPS, 26.1 FPS, 19.2 FPS, 16.2 FPS, 11.0 FPS
104,AMD Radeon R9 FURY, Intel Core i7-4790K @ 4.00GHz ($306.99),5/5 Excellent,+ 0.0 FPS, 66.0 FPS, 49.7 FPS, 42.7 FPS, 30.1 FPS
105,NVIDIA GeForce GTX TITAN X, Intel Core i7-4790K @ 4.00GHz ($306.99),5/5 Excellent,+ 0.0 FPS, 97.9 FPS, 71.6 FPS, 61.3 FPS, 43.0 FPS
106,AMD Radeon R9 M380, Intel Core i7-4790K @ 4.00GHz ($306.99) *closest mobile equivalent*,5/5 Excellent,+ 0.0 FPS, 27.6 FPS, 20.1 FPS, 17.0 FPS, 11.7 FPS
107,NVIDIA GeForce GTX 980 Mobile, Intel Core i7-4770K @ 3.50GHz ($284.99) *closest mobile equivalent*,4/5 Very Good,+ 0.0 FPS, 51.6 FPS, 37.5 FPS, 32.0 FPS, 22.4 FPS
108,AMD Radeon R9 M280X, Intel Core i7-4770K @ 3.50GHz ($284.99) *closest mobile equivalent*,4/5 Very Good,+ 0.0 FPS, 27.0 FPS, 19.8 FPS, 16.6 FPS, 11.2 FPS
109,NVIDIA GeForce GTX 980 Ti, Intel Core i7-4790K @ 4.00GHz ($306.99),5/5 Excellent,+ 0.0 FPS, 84.5 FPS, 62.1 FPS, 53.0 FPS, 37.0 FPS
110,AMD Radeon R9 Nano, Intel Core i7-4790K @ 4.00GHz ($306.99),5/5 Excellent,+ 0.0 FPS, 71.0 FPS, 53.5 FPS, 46.0 FPS, 32.4 FPS
111,NVIDIA GeForce GTX 950, Intel Core i7-4790K @ 4.00GHz ($306.99),5/5 Excellent,+ 0.0 FPS, 30.0 FPS, 21.4 FPS, 18.5 FPS, 13.2 FPS
112,AMD Radeon R9 390X, Intel Core i7-4790K @ 4.00GHz ($306.99),5/5 Excellent,+ 0.0 FPS, 64.2 FPS, 48.0 FPS, 41.1 FPS, 28.8 FPS
113,AMD Radeon R9 390, Intel Core i7-4790K @ 4.00GHz ($306.99),5/5 Excellent,+ 0.0 FPS, 59.6 FPS, 43.7 FPS, 36.8 FPS, 25.1 FPS
114,AMD Radeon R9 380, Intel Core i7-4790K @ 4.00GHz ($306.99),5/5 Excellent,+ 0.0 FPS, 39.4 FPS, 28.7 FPS, 24.3 FPS, 16.7 FPS
115,NVIDIA GeForce GTX 1080 Max-Q, Intel Core i7-6700K @ 4.00GHz ($334.99) *closest mobile equivalent*,4/5 Very Good,+ 0.0 FPS, 82.2 FPS, 60.6 FPS, 51.8 FPS, 36.2 FPS
116,NVIDIA GeForce GTX 1080 Mobile, Intel Core i7-6700K @ 4.00GHz ($334.99) *closest mobile equivalent*,4/5 Very Good,+ 0.0 FPS, 93.1 FPS, 68.7 FPS, 58.7 FPS, 41.0 FPS
117,AMD Radeon RX 550 Mobile, Intel Core i7-7700K @ 4.20GHz ($354.99) *closest mobile equivalent*,5/5 Excellent,+ 0.0 FPS, 15.0 FPS, 10.8 FPS, 9.1 FPS, 6.3 FPS
118,AMD Radeon RX 560 Mobile, Intel Core i7-7700K @ 4.20GHz ($354.99) *closest mobile equivalent*,5/5 Excellent,+ 0.0 FPS, 21.4 FPS, 15.4 FPS, 13.1 FPS, 9.0 FPS
119,AMD Radeon 530 Mobile, Intel Core i7-7700K @ 4.20GHz ($354.99) *closest mobile equivalent*,5/5 Excellent,+ 0.0 FPS, 10.7 FPS, 7.8 FPS, 6.6 FPS, 4.5 FPS
120,AMD Radeon R7 370, Intel Core i7-4790K @ 4.00GHz ($306.99),5/5 Excellent,+ 0.0 FPS, 29.4 FPS, 20.1 FPS, 17.4 FPS, 12.4 FPS
121,AMD Radeon RX 580 Mobile, Intel Core i7-7700K @ 4.20GHz ($354.99) *closest mobile equivalent*,5/5 Excellent,+ 0.0 FPS, 50.0 FPS, 35.9 FPS, 30.3 FPS, 20.8 FPS
122,AMD Radeon R9 380X, Intel Core i7-4790K @ 4.00GHz ($306.99),5/5 Excellent,+ 0.0 FPS, 44.2 FPS, 32.3 FPS, 27.8 FPS, 19.6 FPS
123,AMD Radeon RX 570 Mobile, Intel Core i7-7700K @ 4.20GHz ($354.99) *closest mobile equivalent*,5/5 Excellent,+ 0.0 FPS, 41.7 FPS, 30.5 FPS, 25.9 FPS, 17.9 FPS
124,NVIDIA GeForce GTX 1060 Max-Q, Intel Core i7-6700K @ 4.00GHz ($334.99) *closest mobile equivalent*,4/5 Very Good,+ 0.0 FPS, 50.2 FPS, 36.3 FPS, 31.0 FPS, 21.6 FPS
125,AMD Radeon Pro WX 7100 Mobile, Intel Core i7-6700K @ 4.00GHz ($334.99) *closest mobile equivalent*,4/5 Very Good,+ 0.0 FPS, 45.0 FPS, 33.1 FPS, 28.2 FPS, 19.7 FPS
126,NVIDIA GeForce GTX 1050 Mobile, Intel Core i7-8700K @ 3.70GHz ($369.89) *closest mobile equivalent*,5/5 Excellent,+ 0.0 FPS, 28.3 FPS, 20.5 FPS, 17.4 FPS, 12.0 FPS
127,NVIDIA GeForce GTX 1050 Mobile 2GB, Intel Core i7-8700K @ 3.70GHz ($369.89) *closest mobile equivalent*,5/5 Excellent,+ 0.0 FPS, 26.6 FPS, 19.3 FPS, 16.4 FPS, 11.3 FPS
128,NVIDIA GeForce GTX 1070 Max-Q, Intel Core i7-6700K @ 4.00GHz ($334.99) *closest mobile equivalent*,4/5 Very Good,+ 0.0 FPS, 70.2 FPS, 51.4 FPS, 43.8 FPS, 30.5 FPS
129,AMD Radeon RX 570, Intel Core i7-7700K @ 4.20GHz ($354.99),5/5 Excellent,+ 0.0 FPS, 59.6 FPS, 43.6 FPS, 37.0 FPS, 25.6 FPS
130,AMD Radeon RX 560, Intel Core i7-7700K @ 4.20GHz ($354.99),5/5 Excellent,+ 0.0 FPS, 30.5 FPS, 21.9 FPS, 18.6 FPS, 12.9 FPS
131,NVIDIA GeForce GTX 1080 Ti, Intel Core i7-7700K @ 4.20GHz ($354.99),5/5 Excellent,+ 0.0 FPS, 129.2 FPS, 98.6 FPS, 84.7 FPS, 59.7 FPS
132,NVIDIA GeForce GT 1030, Intel Core i7-7700K @ 4.20GHz ($354.99),5/5 Excellent,+ 0.0 FPS, 20.1 FPS, 14.5 FPS, 12.1 FPS, 8.2 FPS
133,AMD Radeon RX Vega 64, Intel Core i7-7700K @ 4.20GHz ($354.99),5/5 Excellent,+ 0.0 FPS, 102.2 FPS, 76.5 FPS, 65.3 FPS, 45.6 FPS
134,AMD Radeon RX 550, Intel Core i7-7700K @ 4.20GHz ($354.99),5/5 Excellent,+ 0.0 FPS, 21.4 FPS, 15.5 FPS, 13.2 FPS, 9.1 FPS
135,NVIDIA TITAN Xp, Intel Core i7-7700K @ 4.20GHz ($354.99),5/5 Excellent,+ 0.0 FPS, 125.8 FPS, 94.9 FPS, 82.3 FPS, 58.9 FPS
136,AMD Radeon RX Vega 56, Intel Core i7-7700K @ 4.20GHz ($354.99),5/5 Excellent,+ 0.0 FPS, 95.9 FPS, 71.7 FPS, 61.3 FPS, 42.8 FPS
137,NVIDIA TITAN V, Intel Core i7-7700K @ 4.20GHz ($354.99),5/5 Excellent,+ 0.0 FPS, 139.9 FPS, 107.1 FPS, 93.0 FPS, 66.7 FPS
138,NVIDIA GeForce GTX 1070 Ti, Intel Core i7-7700K @ 4.20GHz ($354.99),5/5 Excellent,+ 0.0 FPS, 101.1 FPS, 74.7 FPS, 63.8 FPS, 44.6 FPS
139,NVIDIA GeForce GTX 1050 Ti Mobile, Intel Core i7-6700K @ 4.00GHz ($334.99) *closest mobile equivalent*,4/5 Very Good,+ 0.0 FPS, 33.4 FPS, 24.5 FPS, 20.9 FPS, 14.5 FPS
140,AMD Radeon RX 580, Intel Core i7-7700K @ 4.20GHz ($354.99),5/5 Excellent,+ 0.0 FPS, 71.4 FPS, 51.2 FPS, 43.3 FPS, 29.7 FPS
141,AMD Radeon RX VEGA 3, Intel Core i7-7700K @ 4.20GHz ($354.99) *closest mobile equivalent*,5/5 Excellent,+ 0.0 FPS, 8.6 FPS, 6.2 FPS, 5.2 FPS, 3.6 FPS
142,AMD Radeon RX VEGA 6, Intel Core i7-7700K @ 4.20GHz ($354.99) *closest mobile equivalent*,5/5 Excellent,+ 0.0 FPS, 10.7 FPS, 7.8 FPS, 6.6 FPS, 4.5 FPS
143,AMD Radeon RX VEGA 8, Intel Core i7-7700K @ 4.20GHz ($354.99) *closest mobile equivalent*,5/5 Excellent,+ 0.0 FPS, 12.9 FPS, 9.3 FPS, 7.9 FPS, 5.4 FPS
144,AMD Radeon RX 540 Mobile, Intel Core i7-7700K @ 4.20GHz ($354.99) *closest mobile equivalent*,5/5 Excellent,+ 0.0 FPS, 12.9 FPS, 9.3 FPS, 7.9 FPS, 5.4 FPS
145,AMD Radeon RX VEGA 10, Intel Core i7-7700K @ 4.20GHz ($354.99) *closest mobile equivalent*,5/5 Excellent,+ 0.0 FPS, 15.0 FPS, 10.8 FPS, 9.1 FPS, 6.3 FPS
146,AMD Radeon RX 550X Mobile, Intel Core i7-7700K @ 4.20GHz ($354.99) *closest mobile equivalent*,5/5 Excellent,+ 0.0 FPS, 15.0 FPS, 10.8 FPS, 9.1 FPS, 6.3 FPS
147,AMD Radeon RX 580X Mobile, Intel Core i7-7700K @ 4.20GHz ($354.99) *closest mobile equivalent*,5/5 Excellent,+ 0.0 FPS, 50.0 FPS, 35.9 FPS, 30.3 FPS, 20.8 FPS
148,NVIDIA GeForce RTX 2080, Intel Core i7-8700K @ 3.70GHz ($369.89),5/5 Excellent,+ 0.0 FPS, 137.2 FPS, 103.2 FPS, 88.5 FPS, 62.3 FPS
149,AMD Radeon 540 Mobile, Intel Core i7-7700K @ 4.20GHz ($354.99) *closest mobile equivalent*,5/5 Excellent,+ 0.0 FPS, 11.8 FPS, 8.5 FPS, 7.2 FPS, 5.0 FPS
150,AMD Radeon RX 560X Mobile 2GB, Intel Core i7-7700K @ 4.20GHz ($354.99) *closest mobile equivalent*,5/5 Excellent,+ 0.0 FPS, 21.4 FPS, 15.4 FPS, 13.1 FPS, 9.0 FPS
151,NVIDIA GeForce GTX 1050 Ti Max-Q, Intel Core i7-6700K @ 4.00GHz ($334.99) *closest mobile equivalent*,4/5 Very Good,+ 0.0 FPS, 29.5 FPS, 21.6 FPS, 18.4 FPS, 12.8 FPS
152,NVIDIA TITAN RTX, Intel Core i7-8700K @ 3.70GHz ($369.89),5/5 Excellent,+ 0.0 FPS, 166.3 FPS, 127.3 FPS, 109.7 FPS, 77.8 FPS
153,NVIDIA GeForce GTX 1050 Max-Q, Intel Core i7-8700K @ 3.70GHz ($369.89) *closest mobile equivalent*,5/5 Excellent,+ 0.0 FPS, 25.0 FPS, 18.1 FPS, 15.4 FPS, 10.6 FPS
154,AMD Radeon RX Vega 56 Mobile, Intel Core i7-7700K @ 4.20GHz ($354.99) *closest mobile equivalent*,5/5 Excellent,+ 0.0 FPS, 67.1 FPS, 50.2 FPS, 42.9 FPS, 30.0 FPS
155,NVIDIA GeForce RTX 2070, Intel Core i7-8700K @ 3.70GHz ($369.89),5/5 Excellent,+ 0.0 FPS, 120.8 FPS, 89.0 FPS, 76.3 FPS, 53.7 FPS
156,NVIDIA GeForce RTX 2080 Ti, Intel Core i7-8700K @ 3.70GHz ($369.89),5/5 Excellent,+ 0.0 FPS, 161.4 FPS, 123.6 FPS, 106.6 FPS, 75.6 FPS
157,NVIDIA GeForce GTX 1660 Ti Max-Q, Intel Core i7-8700K @ 3.70GHz ($369.89) *closest mobile equivalent*,5/5 Excellent,+ 0.0 FPS, 65.9 FPS, 48.7 FPS, 41.6 FPS, 29.1 FPS
158,AMD Radeon RX 590, Intel Core i7-8700K @ 3.70GHz ($369.89),5/5 Excellent,+ 0.0 FPS, 80.7 FPS, 58.0 FPS, 49.1 FPS, 33.8 FPS
159,NVIDIA GeForce GTX 1050, Intel Core i7-8700K @ 3.70GHz ($369.89),5/5 Excellent,+ 0.0 FPS, 33.3 FPS, 24.1 FPS, 20.4 FPS, 14.1 FPS
160,NVIDIA GeForce GTX 1660 Ti Mobile, Intel Core i7-8700K @ 3.70GHz ($369.89) *closest mobile equivalent*,5/5 Excellent,+ 0.0 FPS, 71.0 FPS, 52.6 FPS, 45.0 FPS, 31.5 FPS
161,NVIDIA GeForce RTX 2060 Mobile, Intel Core i7-8700K @ 3.70GHz ($369.89) *closest mobile equivalent*,5/5 Excellent,+ 0.0 FPS, 75.4 FPS, 53.5 FPS, 45.6 FPS, 31.7 FPS
162,NVIDIA GeForce GTX 1650 Mobile, Intel Core i7-8700K @ 3.70GHz ($369.89) *closest mobile equivalent*,5/5 Excellent,+ 0.0 FPS, 39.9 FPS, 29.2 FPS, 24.9 FPS, 17.4 FPS
163,NVIDIA GeForce GTX 1650 SUPER, Intel Core i7-8700K @ 3.70GHz ($369.89),5/5 Excellent,+ 0.0 FPS, 73.2 FPS, 53.8 FPS, 46.0 FPS, 32.1 FPS
164,AMD Radeon RX 5500 XT 4GB, Intel Core i7-8700K @ 3.70GHz ($369.89),5/5 Excellent,+ 0.0 FPS, 66.3 FPS, 47.7 FPS, 40.4 FPS, 27.8 FPS
165,NVIDIA GeForce RTX 4050, AMD Ryzen 9 5950X ($710),5/5 Excellent,+ 0.0 FPS, 130.0 FPS, 97.1 FPS, 83.4 FPS, 58.8 FPS
166,NVIDIA GeForce GTX 1650 Max-Q, Intel Core i7-8700K @ 3.70GHz ($369.89) *closest mobile equivalent*,5/5 Excellent,+ 0.0 FPS, 39.0 FPS, 28.5 FPS, 24.3 FPS, 17.0 FPS
167,AMD Radeon RX 560X Mobile, Intel Core i7-7700K @ 4.20GHz ($354.99) *closest mobile equivalent*,5/5 Excellent,+ 0.0 FPS, 21.4 FPS, 15.4 FPS, 13.1 FPS, 9.0 FPS
168,NVIDIA GeForce RTX 2080 Mobile, Intel Core i7-8700K @ 3.70GHz ($369.89) *closest mobile equivalent*,5/5 Excellent,+ 0.0 FPS, 96.0 FPS, 72.3 FPS, 62.0 FPS, 43.6 FPS
169,NVIDIA GeForce RTX 2070 Mobile, Intel Core i7-8700K @ 3.70GHz ($369.89) *closest mobile equivalent*,5/5 Excellent,+ 0.0 FPS, 85.1 FPS, 62.4 FPS, 53.8 FPS, 38.2 FPS
170,AMD Radeon VII, Intel Core i7-9700K @ 3.60GHz ($409.99),5/5 Excellent,+ 0.0 FPS, 126.0 FPS, 94.2 FPS, 80.5 FPS, 56.3 FPS
171,NVIDIA GeForce RTX 2070 Max-Q, Intel Core i7-8700K @ 3.70GHz ($369.89) *closest mobile equivalent*,5/5 Excellent,+ 0.0 FPS, 73.0 FPS, 53.5 FPS, 46.1 FPS, 32.7 FPS
172,NVIDIA GeForce RTX 2060, Intel Core i7-8700K @ 3.70GHz ($369.89),5/5 Excellent,+ 0.0 FPS, 107.8 FPS, 76.4 FPS, 65.1 FPS, 45.3 FPS
173,NVIDIA GeForce RTX 2080 SUPER, Intel Core i7-8700K @ 3.70GHz ($369.89),5/5 Excellent,+ 0.0 FPS, 145.5 FPS, 110.6 FPS, 95.1 FPS, 67.2 FPS
174,NVIDIA GeForce GTX 1660, Intel Core i7-8700K @ 3.70GHz ($369.89),5/5 Excellent,+ 0.0 FPS, 85.9 FPS, 63.5 FPS, 54.3 FPS, 38.0 FPS
175,NVIDIA GeForce GTX 1660 Ti, Intel Core i7-8700K @ 3.70GHz ($369.89),5/5 Excellent,+ 0.0 FPS, 96.3 FPS, 71.1 FPS, 60.8 FPS, 42.5 FPS
176,NVIDIA GeForce RTX 2080 Max-Q, Intel Core i7-8700K @ 3.70GHz ($369.89) *closest mobile equivalent*,5/5 Excellent,+ 0.0 FPS, 82.3 FPS, 61.9 FPS, 53.1 FPS, 37.4 FPS
177,NVIDIA GeForce GTX 1650, Intel Core i7-8700K @ 3.70GHz ($369.89),5/5 Excellent,+ 0.0 FPS, 57.0 FPS, 41.7 FPS, 35.6 FPS, 24.8 FPS
178,AMD Radeon RX 5700 XT, Intel Core i7-8700K @ 3.70GHz ($369.89),5/5 Excellent,+ 0.0 FPS, 122.8 FPS, 91.8 FPS, 78.4 FPS, 54.8 FPS
179,NVIDIA GeForce RTX 3080, Intel Core i9-10900K ($590),5/5 Excellent,+ 0.0 FPS, 232.4 FPS, 173.0 FPS, 148.7 FPS, 105.0 FPS
180,AMD Radeon RX 5500 XT 8GB, Intel Core i7-8700K @ 3.70GHz ($369.89),5/5 Excellent,+ 0.0 FPS, 73.5 FPS, 52.8 FPS, 44.7 FPS, 30.8 FPS
181,NVIDIA GeForce RTX 3090, Intel Core i9-10900K ($590),5/5 Excellent,+ 0.0 FPS, 246.5 FPS, 187.7 FPS, 163.5 FPS, 117.9 FPS
182,NVIDIA GeForce GTX 1660 SUPER, Intel Core i7-8700K @ 3.70GHz ($369.89),5/5 Excellent,+ 0.0 FPS, 91.0 FPS, 67.2 FPS, 57.5 FPS, 40.3 FPS
183,NVIDIA GeForce RTX 2070 SUPER, Intel Core i7-8700K @ 3.70GHz ($369.89),5/5 Excellent,+ 0.0 FPS, 128.3 FPS, 95.4 FPS, 81.9 FPS, 57.6 FPS
184,NVIDIA GeForce RTX 2060 SUPER, Intel Core i7-8700K @ 3.70GHz ($369.89),5/5 Excellent,+ 0.0 FPS, 114.7 FPS, 83.0 FPS, 71.2 FPS, 50.0 FPS
185,AMD Radeon RX 5700, Intel Core i7-8700K @ 3.70GHz ($369.89),5/5 Excellent,+ 0.0 FPS, 112.7 FPS, 84.3 FPS, 72.0 FPS, 50.3 FPS
186,AMD Radeon RX 6800 XT, Intel Core i9-10900K ($590),5/5 Excellent,+ 0.0 FPS, 236.1 FPS, 176.4 FPS, 147.9 FPS, 100.1 FPS
187,NVIDIA GeForce RTX 3070, Intel Core i9-10900K ($590),5/5 Excellent,+ 0.0 FPS, 178.8 FPS, 133.1 FPS, 114.4 FPS, 80.8 FPS
