,GpuName,GPU Clockspeed,Memory Clockspeed,Core Configuration,GPU	,Memory Size,Buswidth,Max Pixel Fillrate,Max Texel Fillrate,Max Shader Performance,Max Bandwidth,Vertex Proc,Max Vertices,DirectX Gen,Memory Type,Process Size,Transistors,Bus Slot,Ext. Power,Target Market at Introduction, Year of Release
0,Radeon LE,148,"148, 296(148)",2 PP; 6 TMU; 2 ROP,R100,32-64,128,296,888,n/a,4736,0.5,18.5,DX7,"SDR,SGRAM,DDR(TSOP)",180nm,30m,AGP4X,no,Highend,2001
1,Radeon 7500,"260, 290","460(230), 500(250)",2 PP; 6 TMU; 2 ROP,RV200,64-128,128,580,1740,n/a,7360,0.5,36.3,DX7,DDR(TSOP),150nm,30m,AGP4X,no,Highend,2001
2,Radeon 8500,275,550(275),4 PP; 8 TMU; 4 ROP,R200,64-128,128,1100,2200,?,8800,2,137.5,DX8.1,DDR(TSOP/BGA),150nm,60m,AGP4X,no,Enthusiast,2001
3,Radeon 9000,250,400(200),4 PP/TMU/ROP,RV250,64-128,128,1000,1000,?,6400,1,62.5,DX8.1,DDR(TSOP),150nm,36m,"AGP4X,PCI",no,Mainstream,2002
4,Radeon 9100,250,"400(200), 500(250)",4 PP; 8 TMU; 4 ROP,R200,64-128,128,1000,2000,?,8000,2,125,DX8.1,DDR(TSOP/BGA),150nm,60m,AGP4X,no,Highend,2003
5,Radeon 9200,250,400(200),4 PP/TMU/ROP,RV280,64-128-256,128,1000,1000,?,6400,1,62.5,DX8.1,DDR(TSOP),150nm,36m,"AGP8X,PCI",no,Upper Budget,2003
6,Radeon 9200SE,200,"333(166), 400(200)",4 PP/TMU/ROP,RV280,128-256,64,800,800,?,3200,1,50,DX8.1,DDR(TSOP),150nm,36m,"AGP8X,PCI",no,Budget,2003
7,Radeon 9250,240,"366(183), 400(200)",4 PP/TMU/ROP,RV280,128-256,64-128,960,960,?,6400,1,60,DX8.1,DDR(TSOP),150nm,36m,"AGP8X,PCI",no,Budget mainstream,Budget mainstream
8,Radeon 9500 Pro,275,540(270),8 PP/TMU/ROP,R300,128,128,2200,2200,26400,8800,4,275,DX9,DDR(BGA),150nm,107m,AGP8X,4pin,Upper Mainstream,2002
9,Radeon 9550SE,250,400(200),4 PP/TMU/ROP,RV350LX,128-256,64,1000,1000,12000,3200,2,125,DX9,DDR(TSOP),130nm,75m,AGP8X,no,Budget,2004
10,Radeon 9600LE,325,400(200),4 PP/TMU/ROP,RV350,128,64-128,1300,1300,15600,6400,2,162.5,DX9,DDR(TSOP),130nm,75m,AGP8X,no,Lower Mainstream,2003
11,Radeon 9600 Pro,400,"400(200), 600(300)",4 PP/TMU/ROP,RV350,128-256,128,1600,1600,19200,9600,2,200,DX9,DDR(TSOP/BGA),130nm,75m,AGP8X,no,Mainstream,2003
12,Radeon 9700,275,550(275),8 PP/TMU/ROP,R300,128,256,2200,2200,26400,17600,4,275,DX9,DDR(BGA),150nm,107m,AGP8X,4pin,Highend,2002
13,Radeon 9700TX,270,540(270),8 PP/TMU/ROP,R300,128,256,2160,2160,25920,17280,4,270,DX9,DDR(BGA),150nm,107m,AGP8X,4pin,OEM,2002
14,Radeon 9800SE,"325, 380","580(290), 600(300), 680(340)",4 PP/TMU/ROP,R350,128-256,128-256,1520,1520,36480,21760,4,380,DX9,DDR(BGA),150nm,115m,AGP8X,4pin,Upper Mainstream,2003
15,Radeon 9800XT,412,730(365),8 PP/TMU/ROP,R360,256,256,3296,3296,39552,23360,4,412,DX9,DDR(BGA),150nm,115m,AGP8X,4pin,Enthusiast,2003
16,Radeon X300SE,325,400(200),4 PP/TMU/ROP,RV370,128-256,64,1300,1300,15600,3200,2,162.5,DX9,DDR(TSOP),110nm,75m,PCIe16X,no,Lower Mainstream,2004
17,Radeon X550,400,500(250),4 PP/TMU/ROP,RV370XT,128-256,64-128,1600,1600,19200,8000,2,200,DX9,DDR(TSOP/BGA),110nm,75m,PCIe16X,no,Lower Mainstream,2005
18,Radeon X600XT,500,740(370),4 PP/TMU/ROP,RV380,128-256,128,2000,2000,24000,11840,2,250,DX9,DDR(BGA),130nm,75m,PCIe16X,no,Upper Mainstream,2004
19,Radeon X700LE,400,700(350),8 PP/TMU/ROP,RV410,128-256,128,3200,3200,38400,11200,6,600,DX9b,DDR(BGA),110nm,120m,PCIe16X,no,Mainstream,2005
20,Radeon X700XT,475,1050(525),8 PP/TMU/ROP,RV410,128-256,128,3800,3800,45600,16800,6,712.5,DX9b,GDDR3,110nm,120m,PCIe16X,no,Upper Mainstream,Unreleased
21,Radeon X800SE,425,800(400),8 PP/TMU/ROP,"R420,R423,R430",256,256,3400,3400,40800,25600,6,637.5,DX9b,GDDR3,130nm,160m,"PCIe16X,AGP8X",yes,Upper Mainstream,2004
22,Radeon X800GTO,400,"700(350), 980(490)",12 PP/TMU/ROP,"R420,423,430,480",128-256,256,4800,4800,57600,31360,6,600,DX9b,GDDR3,130nm,~160m,"PCIe16X,AGP8X",no,Mainstream,2005
23,Radeon X800 Pro,475,900(450),12 PP/TMU/ROP,"R420,R423",256,256,5700,5700,68400,28800,6,712.5,DX9b,GDDR3,130nm,160m,"PCIe16X,AGP8X",4pin/6pin,Highend,2004
24,Radeon X800XT Platinum Ed.,520,1120(560),16 PP/TMU/ROP,"R420,R423",256,256,8320,8320,99840,35840,6,780,DX9b,GDDR3,130nm,160m,"PCIe16X,AGP8X",4pin/6pin,Enthusiast,2004
25,Radeon X850XT,520,1080(540),16 PP/TMU/ROP,"R480,R481",256-512,256,8320,8320,99840,34560,6,780,DX9b,GDDR3,130nm,>160m,"PCIe16X,AGP8X",4pin/6pin,Enthusiast,2004
26,Radeon X1050,"325, 400","400(200), 500(250), 666(333)",4 PP/TMU/ROP,"RV350,RV370",128-256,64-128,1600,1600,19200,10656,2,200,DX9,"DDR(TSOP/BGA),DDR2","130,110nm",75m,"PCIe16X,AGP8X",no,Budget,
27,Radeon X1300 Pro,600,800(400),4 PP/TMU/ROP,RV515,256-512,128,2400,2400,28800,12800,2,300,DX9c,DDR2,90nm,105m,"PCIe16X,AGP8X",either,Mainstream,2005
28,Radeon X1550,550,800(400),4 PP/TMU/ROP,RV515,256-512,64-128,2200,2200,26400,12800,4,550,DX9c,DDR2,90nm,105m,"PCIe16X,AGP8X",either,Lower Mainstream,2007
29,Radeon X1600XT,590,1380(690),12 PP; 4 TMU/ROP,RV530,256-512,128,2360,2360,84960,22080,5,737.5,DX9c,GDDR3,90nm,157m,"PCIe16X,AGP8X",either,Upper Mainstream,2005
30,Radeon X1650GT,400,780(390),24 PP; 8 TMU/ROP,RV560,256-512,128,3200,3200,115200,12480,8,800,DX9c,"DDR2,GDDR3",80nm,330m,"PCIe16X,AGP8X",either,Mainstream,2007
31,Radeon X1650XT,575,1350(675),24 PP; 8 TMU/ROP,RV560,256-512,128,4600,4600,165600,21600,8,1150,DX9c,GDDR3,80nm,330m,PCIe16X,no,Upper Mainstream,2006
32,Radeon X1800XL,500,1000(500),16 PP/TMU/ROP,R520,256-512,256,8000,8000,96000,32000,8,1000,DX9c,GDDR3,90nm,321m,PCIe16X,6pin,Highend,2005
33,Radeon X1900,500,1000(500),48 PP; 16 TMU/ROP,R580,256,256,8000,8000,288000,32000,8,1000,DX9c,GDDR3,90nm,384m,PCIe16X,6pin,Enthusiast,2006
34,Radeon X1900XT,625,1450(725),48 PP; 16 TMU/ROP,R580,256-512,256,10000,10000,360000,46400,8,1250,DX9c,GDDR3,90nm,384m,PCIe16X,6pin,Enthusiast,2006
35,Radeon X1950GT,500,1200(600),36 PP; 12 TMU/ROP,RV570,256-512,256,6000,6000,216000,38400,8,1000,DX9c,GDDR3,80nm,330m,"PCIe16X,AGP8X",4pin(x2)/6pin,Upper Mainstream,2007
36,Radeon X1950XT,625,1800(900),48 PP; 16 TMU/ROP,R580,256-512,256,10000,10000,360000,57600,8,1250,DX9c,GDDR3,90nm,384m,"PCIe16X,AGP8X",6pin,Highend,2006
37,Radeon HD 2400 Pro,525,"800(400), 1000(500)",40 SP; 4 TMU/ROP,RV610,256,64,2100,2100,42000,8000,40,1050,DX10,"DDR2,GDDR3",65nm,180m,PCIe16X,no,Budget,2007
38,Radeon HD 2600 Pro,600,"800(400), 1000(500)",120 SP; 8 TMU; 4 ROP,RV630,256-512,128,2400,4800,144000,16000,120,3600,DX10,"DDR2,GDDR3",65nm,390m,"PCIe16X,AGP8X",either,Mainstream,2007
39,Radeon HD 2900GT,600,1600(800),240 SP; 12 TMU/ROP,R600,256,256,7200(?),7200(?),288000,51200,240,7200,DX10,GDDR3,80nm,720m,PCIe16X,6pin,Mainstream,2007
40,Radeon HD 2900XT,740,1650(825)-2000(1000),320 SP; 16 TMU/ROP,R600,512-1024,512,11840,11840,473600,140800,320,11840,DX10,"GDDR3,4",80nm,720m,PCIe16X,6+8pin,Highend,2007
41,Radeon HD 3470,800,1900(950),40 SP; 4 TMU/ROP,RV620,256-512,64,3200,3200,64000,15200,40,1600,DX10.1,GDDR3,55nm,181m,PCIe2.0,no,Upper Budget,2008
42,Radeon HD 3850,670,1666(833),320 SP; 16 TMU/ROP,RV670,256-512-1024,256,10720,10720,428800,53312,320,10720,DX10.1,GDDR3,55nm,666m,"PCIe2.0,AGP8X",6+8pin,Upper Mainstream,2007
43,Radeon HD 3870X2,825,1800(900),320 SP; 16 TMU/ROP(x2),R680,512,256(x2),13200(x2),13200(x2),528000(x2),57600(x2),320(x2),13200(x2),DX10.1,GDDR3,55nm,666m(x2),PCIe16X,6+8pin,Enthusiast,2008
44,Radeon HD 4550,600,1600(800),80 SP; 8 TMU; 4 ROP,RV710,256-512,64,2400,4800,96000,12800,80,2400,DX10.1,DDR3,55nm,242m,PCIe2.0,no,Upper Budget,2008
45,Radeon HD 4850X2,625,2000(1000),800 SP; 40 TMU; 16 ROP(x2),R700,1024,256(x2),10000(x2),25000(x2),1000000(x2),64000(x2),800(x2),25000(x2),DX10.1,GDDR3,55nm,956m(x2),PCIe2.0,6+8pin,Highend,2008
46,Radeon HD 4870,750,3600(900),800 SP; 40 TMU; 16 ROP,RV770,512-1024,256,12000,30000,1200000,115200,800,30000,DX10.1,GDDR5,55nm,956m,PCIe2.0,6pin(x2),Highend,2008
47,Radeon HD 4890,"850, 900",3900(975),800 SP; 40 TMU; 16 ROP,RV790,1024,256,14400,36000,1440000,124800,800,36000,DX10.1,GDDR5,55nm,959m,PCIe2.0,6+8pin,Highend,2009
48,Radeon HD 5550,550,800(400),320 SP; 16 TMU; 8 ROP,Redwood,512-1024,128,4400,8800,352000,12800,320,8800,DX11,DDR2,40nm,627m,PCIe2.1,no,Budget,2010
49,Radeon HD 5670,775,4000(1000),400 SP; 20 TMU; 8 ROP,Redwood,512-1024,128,6200,15500,620000,64000,400,15500,DX11,GDDR5,40nm,627m,PCIe2.1,no,Lower Mainstream,2010
50,Radeon HD 5770,850,4800(1200),800 SP; 40 TMU; 16 ROP,Juniper,1024,128,13600,34000,1360000,76800,800,34000,DX11,GDDR5,40nm,1.04b,PCIe2.1,6pin,Upper Mainstream,2009
51,Radeon HD 5850,725,4000(1000),1440 SP; 72 TMU; 32 ROP,Cypress,1024,256,23200,52200,2088000,128000,1440,52200,DX11,GDDR5,40nm,2.15b,PCIe2.1,6pin(x2),Highend,2009
52,Radeon HD 5870 EF6,850,4800(1200),1600 SP; 80 TMU; 32 ROP,Cypress,2048,256,27200,68000,2720000,153600,1600,68000,DX11,GDDR5,40nm,2.15b,PCIe2.1,6+8pin,Enthusiast,2010
53,Radeon HD 6350,650,1600(800),80 SP; 8 TMU; 4 ROP,Cedar,512-1024,64,2600,5200,104000,12800,80,2600,DX11,GDDR3,40nm,292m,PCIe2.1,no,Budget,2011
54,Radeon HD 6570,650,"1600(800), 4000(1000)",480 SP; 24 TMU; 8 ROP,Turks,512-1024,128,5200,15600,624000,64000,480,19500,DX11,"DDR3,GDDR5",40nm,716m,PCIe2.1,no,Upper Budget,2011
55,Radeon HD 6750,700,4600(1150),720 SP; 36 TMU; 16 ROP,Juniper,512-1024,128,11200,25200,1008000,73600,720,25200,DX11,GDDR5,40nm,1.04b,PCIe2.1,6pin,Lower Mainstream,2011
56,Radeon HD 6790,900,4200(1050),800 SP; 40 TMU; 16 ROP,Barts,1024,256,14400,36000,1440000,134400,800,45000,DX11,GDDR5,40nm,1.7b,PCIe2.1,6pin,Mainstream,2011
57,Radeon HD 6870,900,4200(1050),1120 SP; 56 TMU; 32 ROP,Barts,1024,256,28800,50400,2016000,134400,1120,63000,DX11,GDDR5,40nm,1.7b,PCIe2.1,6pin(x2),Highend,2010
58,Radeon HD 6950,800,5000(1250),1408 SP; 88 TMU; 32 ROP,Caymen,1024-2048,256,25600,70400,2252800,160000,1408,70400,DX11,GDDR5,40nm,2.64b,PCIe2.1,6pin(x2),Highend,2010
59,Radeon HD 6990,830,5000(1250),1536 SP; 96 TMU; 32 ROP(x2),Antilles,2048,256(x2),26560(x2),79680(x2),2549760(x2),160000(x2),1536(x2),79680(x2),DX11,GDDR5,40nm,2.64b(x2),PCIe2.1,8pin(x2),Enthusiast,2011
60,Radeon HD 7450,625,1600(800),160 SP; 8 TMU; 4 ROP,Caicos,512-1024,64,2500,5000,200000,12800,160,6250,DX11,DDR3,40nm,370m,PCIe2.1,no,OEM,2012
61,Radeon HD 7570,650,4000(1000),480 SP; 24 TMU; 8 ROP,Turks,512-1024,128,5200,15600,624000,64000,480,19500,DX11,"DDR3,GDDR5",40nm,716m,PCIe2.1,no,OEM,2012
62,Radeon HD 7750,"800, 900",4500(1125),512 SP; 32 TMU; 16 ROP,Cape Verde,1024,128,14400,28800,921600,72000,512,28800,DX11.2,GDDR5,28nm,1.5b,PCIe3.0,no,Lower Mainstream,2012
63,Radeon HD 7790,1000,6000(1500),896 SP; 56 TMU; 16 ROP,Bonaire,1024-2048,128,16000,56000,1792000,96000,896,56000,DX11.2,GDDR5,28nm,2.08b,PCIe3.0,6pin,Mainstream,2013
64,Radeon HD 7870 GHz Ed.,1000,4800(1200),1280 SP; 80 TMU; 32 ROP,Pitcairn,2048,256,32000,80000,2560000,153600,1280,80000,DX11.2,GDDR5,28nm,2.8b,PCIe3.0,6pin(x2),Highend,2012
65,Radeon HD 7950,800,5000(1250),1792 SP; 112 TMU; 32 ROP,Tahiti,3072,384,25600,89600,2867200,240000,1792,89600,DX11.2,GDDR5,28nm,4.31b,PCIe3.0,6pin(x2),Highend,2012
66,Radeon HD 7970,925,5500(1375),2048 SP; 128 TMU; 32 ROP,Tahiti,3072,384,29600,118400,3788800,264000,2048,118400,DX11.2,GDDR5,28nm,4.31b,PCIe3.0,6+8pin,Enthusiast,2011
67,Radeon HD 7990,"900, 1000","5500(1375), 6000(1500)",2048 SP; 128 TMU; 32 ROP(x2),2048 SP; 128 TMU; 32 ROP(x2),Tahiti,3072,384(x2),32000(x2),128000(x2),128000(x2),4096000(x2),288000(x2),2048(x2),128000(x2),DX11.2,GDDR5,28nm,4.31b(x2),PCIe3.0,8pin(x3)
68,Radeon R7 250,1000-1050,"1800(900), 4600(1150)",384 SP; 24 TMU; 8 ROP,Oland,1024-2048,128,8400,25200,806400,73600,384,25200,DX12,"DDR3,GDDR5",28nm,1.04b,PCIe3.0,no,Upper Budget,2013
69,Radeon R7 250X,1000,4500(1125),640 SP; 40 TMU; 16 ROP,Cape Verde,1024-2048,128,16000,40000,1280000,72000,640,40000,DX12,GDDR5,28nm,1.5b,PCIe3.0,6pin,Upper Budget,2014
70,Radeon R7 260X,1100,6500(1625),896 SP; 56 TMU; 16 ROP,Bonaire,2048,128,17600,61600,1971200,104000,896,61600,DX12,GDDR5,28nm,2.08b,PCIe3.0,6pin,Lower Mainstream,2013
71,Radeon R9 270,900-925,5600(1400),1280 SP; 80 TMU; 32 ROP,Pitcairn,2048,256,29600,74000,2368000,179200,1280,74000,DX12,GDDR5,28nm,2.8b,PCIe3.0,6pin(x2),Upper Mainstream,2013
72,Radeon R9 280,827-933,5000(1250),1792 SP; 112 TMU; 32 ROP,Tahiti,3072,384,29856,104496,3343872,240000,1792,104496,DX12,GDDR5,28nm,4.31b,PCIe3.0,6+8pin,Upper Mainstream,2014
73,Radeon R9 285,918,5500(1375),1792 SP; 112 TMU; 32 ROP,Tonga,2048-4096,256,29376,102816,3290112,176000,1792,102816,DX12,GDDR5,28nm,5b,PCIe3.0,6pin(x2),Upper Mainstream,2014
74,Radeon R9 290X,727-1000,5000(1250),2816 SP; 176 TMU; 64 ROP,Hawaii,4096,512,64000,176000,5632000,320000,2816,176000,DX12,GDDR5,28nm,6.2b,PCIe3.0,6+8pin,Enthusiast,2013
75,Radeon R7 360,1050,6500(1625),768 SP; 48 TMU; 16 ROP,Bonaire,2048,128,16800,50400,1612800,104000,768,50400,DX12,GDDR5,28nm,2.08b,PCIe3.0,no,Lower Mainstream,2015
76,Radeon R9 370X,1000,5600(1400),1280 SP; 80 TMU; 32 ROP,Pitcairn,2048-4096,256,32000,80000,2560000,179200,1280,80000,DX12,GDDR5,28nm,2.8b,PCIe3.0,6pin,Mainstream,2015
77,Radeon R9 380X,970,5500(1375),2048 SP; 128 TMU; 32 ROP,Tonga,4096,256,31040,124160,3973120,176000,2048,124160,DX12,GDDR5,28nm,5b,PCIe3.0,6pin(x2),Upper Mainstream,2015
78,Radeon R9 390X,1050,6000(1500),2816 SP; 176 TMU; 64 ROP,Hawaii,8192,512,67200,184800,5913600,384000,2816,184800,DX12,GDDR5,28nm,6.2b,PCIe3.0,8pin(x2),Highend,2015
79,Radeon R9 Fury,1000,1000(500),3584 SP; 224 TMU; 64 ROP,Fiji,4096,4096,64000,224000,7168000,512000,3584,224000,DX12,HBM,28nm,8.9b,PCIe3.0,8pin(x2),Enthusiast,2015
80,Radeon R9 Pro Duo,1000,1000(500),4096 SP; 265 TMU: 64 ROP(x2),4096 SP; 265 TMU: 64 ROP(x2),Fiji,4096,4096(x2),64000(x2),256000(x2),256000(x2),8192000(x2),512000(x2),4096(x2),256000(x2),DX12,HBM,28nm,8.9b(x2),PCIe3.0,8pin(x3)
81,Radeon RX 470D,926-1206,6600(1650),1792 SP; 112 TMU; 32 ROP,Polaris 10,4096,256,38592,135072,4322304,211200,1792,135072,DX12,GDDR5,14nm,5.7b,PCIe3.0,6pin,,2016
82,Radeon RX 480,1120-1266,"7000(1750), 8000(2000)",2304 SP; 144 TMU; 32 ROP,Polaris 10,4096-8192,256,40512,182304,5833728,256000,2304,182304,DX12,GDDR5,14nm,5.7b,PCIe3.0,6pin,Upper Mainstream,2016
83,Radeon RX 550,1100-1183,7000(1750),512 SP; 32 TMU; 16 ROP,Lexa,2048-4096,128,18928,37856,1211392,112000,512,37856,DX12,GDDR5,14nm,2.2b,PCIe3.0,no,Upper Budget,2017
84,-Radeon RX 560,1175-1275,7000(1750),896 SP; 56 TMU; 16 ROP,Polaris 21,2048-4096,128,20400,71400,2284800,112000,1024,71400,DX12,GDDR5,14nm,3b,PCIe3.0,no,Upper Budget,2017
85,Radeon RX 570,1168-1244,7000(1750),2048 SP; 128 TMU; 32 ROP,Polaris 20,4096-8192,256,39808,159232,5095424,224000,2048,159232,DX12,GDDR5,14nm,5.7b,PCIe3.0,6pin,Mainstream,2017
86,-Radeon RX 580,1168-1284,7000(1750),2048 SP; 128 TMU; 32 ROP,Polaris 20,4096,256,41088,164352,5259264,224000,2048,164352,DX12,GDDR5,14nm,5.7b,PCIe3.0,6pin,,2018
87,Radeon RX Vega 56,1156-1471,1600(800),3584 SP; 224 TMU; 64 ROP,Vega 10,8192,2048,94144,329504,10544128,409600,3584,329504,DX12,HBM2,14nm,12.5b,PCIe3.0,8pin(x2),Highend,2017
88,Radeon RX Vega 64 (Liquid),1406-1677,1890(945),4096 SP; 256 TMU; 64 ROP,Vega 10,8192,2048,107328,429312,13737984,483840,4096,429312,DX12,HBM2,14nm,12.5b,PCIe3.0,8pin(x2),Extreme,2017
89,Radeon RX 5300,1327-1448-1645,14000(1750),1408 SP; 88 TMU; 32 ROP,Navi 14,3072,96,52640,144760,4632320,168000,1408,144760,DX12,GDDR6,7nm,6.4b,PCIe4.0,no,OEM,2020
90,Radeon RX 5500XT,1607-1717-1845,14000(1750),1408 SP; 88 TMU; 32 ROP,Navi 14,4096-8192,128,59040,162360,5195520,224000,1408,162360,DX12,GDDR6,7nm,6.4b,PCIe4.0,no,Mainstream,2019
91,Radeon RX 5700,1465-1625-1725,14000(1750),2304 SP; 144 TMU; 64 ROP,Navi 10,8192,256,110400,248400,7948800,448000,2304,248400,DX12,GDDR6,7nm,10.3b,PCIe4.0,6+8pin,Highend,2019
92,Radeon RX 6500XT,2310-2610-2815,18000(2250),1024 SP; 64 TMU; 32 ROP,Navi 24,4096,64,90080,180160,5765120,144000,1024,180160,DX12U,GDDR6,6nm,5.4nm,PCIe4.0,6pin,Mainstream,2022
93,Radeon RX 6600XT,1968-2359-2589,16000(2000),2048 SP; 128 TMU; 64 ROP,Navi 23,8192,128,165696,331392,10604544,256000,2048,331392,DX12U,GDDR6,7nm,11.1b,PCIe4.0,8pin,Highend,2021
94,Radeon RX 6700,1941-2174-2450,16000(2000),2304 SP; 144 TMU; 64 ROP,Navi 22,10240,160,156800,352800,11289600,320000,2560,352800,DX12U,GDDR6,7nm,17.2b,PCIe4.0,8pin,Enthusiast,2021
95,Radeon RX 6750XT,2150-2495-2600,18000(2250),2560 SP; 160 TMU; 64 ROP,Navi 22,12288,192,166400,416000,13312000,432000,2560,416000,DX12U,GDDR6,7nm,17.2b,PCIe4.0,8pin(x2),Enthusiast,2022
96,Radeon RX 6800XT,1825-2015-2250,16000(2000),4608 SP; 288 TMU; 128 ROP,Navi 21,16384,256,288000,648000,20736000,512000,4608,648000,DX12U,GDDR6,7nm,26.8b,PCIe4.0,8pin(x2),Enthusiast,2020
97,Radeon RX 6950XT,1860-2100-2310,18000(2250),5120 SP; 320 TMU; 128 ROP,Navi 21,16384,256,295680,739200,23654400,576000,5120,739200,DX12U,GDDR6,7nm,26.8b,PCIe4.0,8pin(x2),Extreme,2022
98,Radeon RX 7700XT,1435-2161-2544,18000(2250),3456 SP; 216 TMU; 96 ROP,Navi 32,12228,192,244224,549504,17584128,432000,3456,549504,DX12U,GDDR6,5nm,28.1b,PCIe4.0,8pin(x2),Highend,2023
99,Radeon RX 7900XT,1500-2025-2394,20000(2500),5376 SP; 336 TMU; 192 ROP,Navi 31,20480,320,459648,804384,25740288,800000,5376,804384,DX12U,GDDR6,5nm,58b,PCIe4.0,8pin(x2),Extreme,2022
100,GeForce DDR,120,300(150),4 PP/TMU/ROP,NV10,32-64,128,480,480,n/a,4800,0.5,15,DX7,"SGRAM,DDR(TSOP)",220nm,23m,AGP4X,no,Enthusiast,1999
101,GeForce2 MX200,175,166,2 PP; 4 TMU; 2 ROP,NV11,32-64,64,350,700,n/a,1328,0.5,21.9,DX7,SDR,180nm,20m,"AGP4X,PCI",no,Lower Mainstream,2000
102,GeForce2 GTS,200,333(166),4 PP; 8 TMU; 4 ROP,NV15,32-64,128,800,1600,n/a,5400,0.5,25,DX7,DDR(TSOP),180nm,25m,AGP4X,no,Enthusiast,2000
103,GeForce2 Ti,250,400(200),4 PP; 8 TMU; 4 ROP,NV15,32-64,128,1000,2000,n/a,6400,0.5,31.3,DX7,DDR(TSOP),180/150nm,25m,AGP4X,no,Highend,2001
104,GeForce3,200,460(230),4 PP; 8 TMU; 4 ROP,NV20,64,128,800,1600,?,7360,1,50,DX8,DDR(TSOP),150nm,57m,AGP4X,no,Enthusiast,2001
105,GeForce3 TI500,240,500(250),4 PP; 8 TMU; 4 ROP,NV20,64-128,128,960,1920,?,8000,1,60,DX8,DDR(TSOP/BGA),150nm,57m,AGP4X,no,Enthusiast,2001
106,GeForce4 MX440,275,"333(166), 400(200)",2 PP; 4 TMU; 2 ROP,"NV17,NV18",64-128,32-64-128,550,1100,n/a,6400,0.5,34.4,DX7,DDR(TSOP),150nm,29m,"AGP4X,8X",no,Mainstream,2002
107,GeForce4 MX460,300,550(275),2 PP; 4 TMU; 2 ROP,NV17,64-128,64-128,600,1200,n/a,8800,0.5,37.5,DX7,DDR(TSOP/BGA),150nm,29m,AGP4X,no,Upper Mainstream,2002
108,GeForce4 Ti4200,250,"444(222), 512(256)",4 PP; 8 TMU; 4 ROP,"NV25,NV28",64-128,128,1000,2000,?,8192,2,125,DX8,DDR(TSOP/BGA),150nm,63m,"AGP4X,8X",no,Highend,2002
109,GeForce4 Ti4600,300,650(325),4 PP; 8 TMU; 4 ROP,NV25,128,128,1200,2400,?,10400,2,150,DX8,DDR(BGA),150nm,63m,AGP4X,no,Enthusiast,2002
110,GeForce4 Ti4800SE,275,550(275),4 PP; 8 TMU; 4 ROP,NV28,128,128,1100,2200,?,8800,2,137.5,DX8,DDR(TSOP/BGA),150nm,63m,AGP8X,no,Highend,2002
111,GeForce FX 5200LE,250,266(133),4 PP/TMU/ROP,NV34,128-256,64-128,1000,1000,8000,4256,1,62.5,DX9,DDR(TSOP),150nm,45m,"AGP8X,PCI",no,Lower Mainstream,2003
112,GeForce FX 5200 Ultra,325,650(325),4 PP/TMU/ROP,NV34,128,128,1300,1300,10400,10400,1,81.3,DX9,DDR(BGA),150nm,45m,AGP8X,4pin,Mainstream,2003
113,GeForce FX 5500LE,270,400(200),4 PP/TMU/ROP,NV34,128-256,64,1080,1080,8640,3200,1,67.5,DX9,DDR(TSOP),150nm,45m,"AGP8X,PCI",no,Mainstream,2004
114,GeForce FX 5600SE/XT,"235, 250, 275",400(200),4 PP/TMU/ROP,NV31,128,64-128,1100,1100,8800,6400,1,68.8,DX9,DDR(TSOP),130nm,80m,AGP8X,no,Lower Mainstream,2003
115,GeForce FX 5700(VE),425,500(250)-550(275),4 PP/TMU/ROP,NV36,128-256,64-128,1700,1700,13600,8800,3,318.8,DX9,DDR(TSOP),150nm,82m,AGP8X,no,Mainstream,2003
116,GeForce FX 5700 Ultra,475,"900(450), 950(475), 1000(500)","900(450), 950(475), 1000(500)",4 PP/TMU/ROP,NV36,128-256,128,1900,1900,15200,16000,3,356.3,DX9,"DDR(BGA),GDDR2,GDDR3",150nm,82m,AGP8X,4pin,Upper Mainstream
117,GeForce FX 5800 Ultra,500,1000(500),4 PP; 8 TMU; 4 ROP,NV30,128,128,2000,4000,16000,16000,2,250,DX9,GDDR2,130nm,125m,AGP8X,4pin,Enthusiast,2003
118,GeForce FX 5900SE/XT,"390, 400",700(350),4 PP; 8 TMU; 4 ROP,NV35,128,256,1600,3200,12800,22400,3,300,DX9,DDR(BGA),130nm,135m,AGP8X,4pin,Upper Mainstream,2003
119,GeForce FX 5950 Ultra,475,950(475),4 PP; 8 TMU; 4 ROP,NV38,256,256,1900,3800,15200,30400,3,356.3,DX9,DDR(BGA),130nm,135m,AGP8X,4pin,Enthusiast,2003
120,GeForce PCX 5300,250,400(200),4 PP/TMU/ROP,NV34,128-256,128,1000,1000,8000,6400,1,125,DX9,DDR(TSOP),150nm,45m,PCIe16X,no,Lower Mainstream,2004
121,GeForce PCX 5900,350,550(275),4 PP; 8 TMU; 4 ROP,NV35,128,256,1400,2800,11200,17600,3,262.5,DX9,DDR(BGA),130nm,135m,PCIe16X,no,Upper Mainstream,2004
122,GeForce 6200,300,550(275),4 PP/TMU/ROP,NV43-V,128-256,64-128,1200,1200,14400,8800,3,225,DX9c,DDR(TSOP),110nm,146m,"PCIe16X,AGP8X",either,Lower Mainstream,2004
123,GeForce 6200 TurboCache,350,"550(275), 700(350)",4 PP/TMU; 2 ROP,NV44,16-32-64-128,32-64,700,1400,16800,5600,3,262.5,DX9c,DDR(TSOP/BGA),110nm,77m,PCIe16X,no,Lower Mainstream,2004
124,GeForce 6500,400,700(350),4 PP/TMU/ROP,NV43,64-128,64-128,1600,1600,19200,9600,3,300,DX9c,"DDR(BGA),DDR2",110nm,146m,PCIe16X,no,Lower Mainstream,2005
125,GeForce 6600LE,300,500(250),4 PP/TMU/ROP,NV43-V,128-256,64-128,1200,1200,14400,8000,3,318.8,DX9c,DDR(TSOP),110nm,146m,PCIe16X,no,Mainstream,2004
126,GeForce 6700XL,525,1100(550),8 PP/TMU; 4 ROP,NV43,128,128,2100,4200,50400,17600,3,393.8,DX9c,GDDR3,110nm,146m,PCIe16X,6pin,OEM,
127,-GeForce 6800,325,600(300),12 PP/TMU; 8 ROP,"NV41,NV42",128-256,256,2600,3900,46800,19200,5,406.3,DX9c,DDR(BGA),"130,110nm","190,202m",PCIe16X,no,Upper Mainstream,2004
128,-GeForce 6800LE,325,600(300),8 PP/TMU/ROP,"NV41,NV42",128-256,256,2600,2600,31200,19200,4,325,DX9c,DDR(BGA),"130,110nm","190,202m",PCIe16X,no,Upper Mainstream,2004
129,GeForce 6800GS,425,1000(500),12 PP/TMU; 8 ROP,NV42,256,256,3400,5100,61200,32000,5,531.3,DX9c,GDDR3,110nm,202m,PCIe16X,6pin,Upper Mainstream,2005
130,GeForce 6800GT,350,1000(500),16 PP/TMU/ROP,"NV40,NV45",128-256-512,256,5600,5600,67200,32000,6,525,DX9c,GDDR3,130nm,222m,"PCIe16X,AGP8X",4pin/6pin,Highend,2004
131,GeForce 6800 Ultra,"400, 425","1050(525), 1100(550)",16 PP/TMU/ROP,"NV40,NV45",256-512,256,6800,6800,81600,35200,6,600,DX9c,GDDR3,130nm,222m,"PCIe16X,AGP8X",4pin(x2)/6pin,Enthusiast,2004
132,GeForce 7100GS,350,666(333),4 PP/TMU; 2 ROP,NV44,128,64,700,1400,16800,5328,3,262.5,DX9c,DDR(TSOP),110nm,77m,PCIe16X,no,Budget,2006
133,GeForce 7300LE,450,"533(266), 650(325)",4 PP/TMU; 2 ROP,G72,128-256,64,900,1800,28800,5200,3,337.5,DX9c,DDR(TSOP),90nm,112m,PCIe16X,no,Budget,2006
134,GeForce 7300GT,350,700(350),8 PP/TMU/ROP,"G73,G73-B1",128-256,64-128,2800,2800,44800,11200,3,262.5,DX9c,DDR2,"90,80nm",~178m,PCIe16X,no,Lower Mainstream,2006
135,GeForce 7600GT,560,1400(700),12 PP/TMU; 8 ROP,G73,256,128,4480,6720,107520,22400,5,700,DX9c,GDDR3,90nm,178m,PCIe16X,no,Upper Mainstream,2006
136,GeForce 7800GS,375 (+40V),1200(600),16 PP/TMU; 8 ROP,G70,256,256,3000,6000,96000,38400,6,622.5,DX9c,GDDR3,110nm,302m,"PCIe16X,AGP8X",4pin/6pin,Upper Mainstream,2006
137,GeForce 7800GTX,430 (+40V),1200(600),24 PP/TMU; 16 ROP,G70,256,256,6880,10320,165120,38400,8,940,DX9c,GDDR3,110nm,302m,PCIe16X,6pin,Enthusiast,2005
138,GeForce 7900GS,450,1320(660),20 PP/TMU; 16 ROP,G71,256,256,7200,9000,144000,42240,7,787.5,DX9c,GDDR3,90nm,278m,"PCIe16X,AGP8X",4pin/6pin,Upper Mainstream,2006
139,GeForce 7900GTO,650,1320(660),24 PP/TMU; 16 ROP,G71,512,256,10400,15600,249600,42240,8,1300,DX9c,GDDR3,90nm,278m,PCIe16X,6pin,Upper Mainstream,2006
140,GeForce 7900GX2,500,1200(600),24 PP/TMU; 16 ROP(x2),G71,512,256(x2),8000(x2),12000(x2),192000(x2),38400(x2),8(x2),1000(x2),DX9c,GDDR3,90nm,278m(x2),PCIe16X,6pin,OEM,2006
141,GeForce 7950GX2,500,1200(600),24 PP/TMU; 16 ROP(x2),G71,512,256(x2),8000(x2),12000(x2),192000(x2),38400(x2),8(x2),1000(x2),DX9c,GDDR3,90nm,278m(x2),PCIe16X,6pin,Enthusiast,2006
142,GeForce 8400GS,450 (900),800(400),16 SP; 8 TMU; 4 ROP,G86,256-512,64,1800,3600,43200,6400,16,900,DX10,DDR2,80nm,210m,"PCIe16X,PCI",no,Lower Mainstream,2007
143,GeForce 8600GS,540 (1190),800(400),16 SP; 8 TMU; 8 ROP,G84,256-512,128,4320,4320,57120,12800,16,1190,DX10,DDR2,80nm,289m,PCIe16X,no,Upper Budget,2007
144,GeForce 8600GTS,675 (1450),2000(1000),32 SP; 16 TMU; 8 ROP,G84,256,128,5400,10800,139200,32000,32,2900,DX10,GDDR3,80nm,289m,PCIe16X,6pin,Upper Mainstream,2007
145,GeForce 8800GT,600 (1500),1800(900),112 SP; 56 TMU; 16 ROP,G92,256-512-1024,256,9600,33600,504000,57600,112,10500,DX10,GDDR3,65nm,754m,PCIe2.0,6pin,Upper Mainstream,2007
146,-GeForce 8800GTS (512MB),650 (1650),1940(970),128 SP; 64 TMU; 16 ROP,G92,512,256,10400,41600,633600,62080,128,13200,DX10,GDDR3,65nm,754m,PCIe2.0,6pin,Highend,2007
147,GeForce 8800GTX,575 (1350),1800(900),128 SP; 32 TMU; 24 ROP,G80,768,384,13800,18400,518400,86400,128,10800,DX10,GDDR3,90nm,681m,PCIe16X,6pin(x2),Enthusiast,2006
148,GeForce 9500GT,550 (1400),"1000(500), 1600(800)",32 SP; 16 TMU; 8 ROP,"G96,G96-B1",256-512,128,4400,8800,134400,25600,32,2800,DX10,"DDR2,GDDR3","65,55nm",~314m,PCIe2.0,no,Upper Budget,2008
149,GeForce 9600GT,650 (1625),1800(900),64 SP; 32 TMU; 16 ROP,"G94,G94-B1",512,256,10400,20800,312000,57600,64,6500,DX10,GDDR3,"65,55nm",~505m,PCIe2.0,6pin,Upper Mainstream,2007
150,-GeForce 9800GT,550 (1375),1800(900),112 SP; 56 TMU; 16 ROP,G92-B1,512-1024,256,8800,30800,462000,57600,112,9625,DX10,GDDR3,55nm,~754m,PCIe2.0,either,Upper Mainstream,2007
151,GeForce 9800GTX+,738 (1836),2200(1100),128 SP; 64 TMU; 16 ROP,G92-B1,512-1024,256,11808,47232,705024,70400,128,14688,DX10,GDDR3,55nm,~754m,PCIe2.0,6pin(x2),Highend,2007
152,GeForce GT 100,567 (1400),1000(500),8 SP; 8 TMU; 4 ROP,G98(?),512,64,2268,4536,33600,8000,8,700,DX10,DDR2,65nm(?),~210m(?),PCIe2.0,no,OEM,
153,GeForce GT 130,500 (1250),1000(500),48 SP; 24 TMU; 12 ROP,G94-B1(?),768,192,6000,12000,180000,24000,48,3750,DX10,DDR2,55nm(?),~505m(?),PCIe2.0,6pin,OEM,
154,GeForce 205,589 (1402),1000(500),8 SP; 4 TMU/ROP,GT218,512,64,2356,2356,33648,8000,8,701,DX10.1,DDR2,40nm,260m,PCIe2.0,no,OEM,2009
155,GeForce GT 220,625 (1360),1800(900),48 SP; 16 TMU; 8 ROP,GT216,1024,128,5000,10000,195840,28800,48,4080,DX10.1,GDDR3,40nm,486m,PCIe2.0,no,Upper Budget,2010
156,GeForce GTS 240,675 (1620),2200(1100),112 SP; 56 TMU; 16 ROP,G92-B1,1024,256,10800,37800,544320,70400,112,11340,DX10,GDDR3,55nm,~754m,PCIe2.0,6pin,OEM,2009
157,GeForce GTX 260,576 (1242),1998(999),192 SP; 64 TMU; 28 ROP,GT200,896,448,16128,36864,715392,111888,192,14904,DX10,GDDR3,65nm,1.4b,PCIe2.0,6pin(x2),Highend,2008
158,GeForce GTX 275,633 (1404),2268(1134),240 SP; 80 TMU; 28 ROP,GT200-B1,896,448,17724,50640,1010880,127008,240,21060,DX10,GDDR3,55nm,~1.4b,PCIe2.0,6pin(x2),Highend,2008
159,GeForce GTX 285,648 (1476),2484 (1242),240 SP; 80 TMU; 32 ROP,GT200-B1,1024,512,20736,51840,1062720,158976,240,22140,DX10,GDDR3,55nm,~1.4b,PCIe2.0,6pin(x2),Enthusiast,2008
160,GeForce 310,589 (1402),1000(500),16 SP; 16 TMU; 8 ROP,GT218,512,64,4712,9424,67298,8000,16,1402,DX10.1,DDR2,40nm,260m,PCIe2.0,no,OEM,
161,GeForce GT 430,700 (1400),"1200(600), 1800(900)",96 SP; 16 TMU; 4 ROP,GF108,512-1024,64-128,2800,11200,268800,28800,96,8400,DX11,DDR3,40nm,585m,"PCIe2.0,PCI",no,Upper Budget,2010
162,GeForce GTS 450,783 (1566),3600(900),192 SP; 32 TMU; 16 ROP,GF106,1024,128,12528,25056,601344,57600,192,18792,DX11,GDDR5,40nm,1.17b,PCIe2.0,6pin,Lower Mainstream,2010
163,-GeForce GTX 460,675 (1350),3600(900),336 SP; 56 TMU; 24 ROP,GF104,768,192,16200,37800,907200,86400,336,28350,DX11,GDDR5,40nm,1.95b,PCIe2.0,6pin(x2),Mainstream,2011
164,GeForce GTX 465,607 (1215),3208(802),352 SP; 44 TMU; 32 ROP,GF100,1024,256,13354,26708,855360,102656,352,26730,DX11,GDDR5,40nm,3b,PCIe2.0,6pin(x2),Upper Mainstream,2010
165,GeForce GTX 480,700 (1401),3696(924),480 SP; 60 TMU; 48 ROP,GF100,1536,384,21000,42000,1344960,177408,480,42030,DX11,GDDR5,40mn,3b,PCIe2.0,6+8pin,Enthusiast,2010
166,GeForce GT 520,810 (1620),"1334(667), 1800(900)",48 SP; 8 TMU; 4 ROP,GF119,512-1024-2048,64,3240,6480,155520,14400,48,4860,DX11,DDR3,40nm,?,"PCIe2.0,PCI",no,Budget,2011
167,GeForce GT 545,870 (1740),4000(1000),144 SP; 24 TMU; 16 ROP,GF116,1024(?),128,13920,20880,501120,64000,144,15660,DX11,GDDR5,40nm,1.17b,PCIe2.0,?,OEM,2011
168,GeForce GTX 550 Ti,900 (1800),4104(1026),192 SP; 32 TMU; 24 ROP,GF116,1024,192,21600,28800,691200,98544,192,21600,DX11,GDDR5,40nm,1.17b,PCIe2.0,6pin,Mainstream,2011
169,GeForce GTX 560,810 (1620),4004(1001),336 SP; 56 TMU; 32 ROP,GF114,1024,256,25920,45360,1088640,128128,336,34020,DX11,GDDR5,40nm,1.95b,PCIe2.0,6pin(x2),Mainstream,2011
170,GeForce GTX 560SE,736 (1472),3828(957),288 SP; 48 TMU; 24 ROP,GF114,1024,192,17664,35328,847872,91872,288,26496,DX11,GDDR5,40nm,1.95b,PCIe2.0,6pin,Mainstream,2012
171,-GeForce GTX 560 Ti,732 (1464),3800(950),352 SP; 44 TMU; 40 ROP,GF110,1280,320,29280,32208,1030656,152000,352,32208,DX11,GDDR5,40nm,3b,PCIe2.0,6pin(x2)?,OEM,2011
172,GeForce GTX 570,732 (1464),3800(950),480 SP; 60 TMU; 40 ROP,GF110,1280,320,21960,43920,1405440,152000,480,43920,DX11,GDDR5,40nm,3b,PCIe2.0,6pin(x2),Highend,2010
173,GeForce GTX 590,607 (1214),3414(853),512 SP; 64 TMU; 48 ROP(x2),GF110,1536,384(x2),19424(x2),38848(x2),1243136(x2),163872(x2),512(x2),38848(x2),DX11,GDDR5,40nm,3b(x2),PCIe2.0,8pin(x2),Enthusiast,2011
174,GeForce GT 610,810 (1620),1333(666),48 SP; 8 TMU; 4 ROP,GF119,512-1024-2048,64,3240,6480,155520,10664,48,4860,DX11,DDR3,40nm,,"PCIe2.0,PCI",no,OEM,2012
175,GeForce GT 630,875,1782(891),384 SP; 32 TMU; 16 ROP,GK107,1024-2048,128,14000,28000,672000,28512,384,21000,DX11,DDR3,28nm,1.3b,PCIe2.0,no,OEM,2012
176,-GeForce GT 640,797-950,"1782(891), 5000(2500)",384 SP; 32 TMU; 16 ROP,GK107,1024-2048,128,15200,30400,729600,80000,384,22800,DX11,"DDR3, GDDR5",28nm,1.3b,PCIe3.0,no,OEM,2012
177,GeForce GT 645,776(1552),3828(957),288 SP; 48 TMU; 24 ROP,GF114,1024,128,18624,37248,893952,61248,288,27936,DX11,GDDR5,40nm,1.95b,PCIe2.0,6pin,OEM,2012
178,GeForce GTX 650,1058,5000(1250),384 SP; 32 TMU; 16 ROP,GK107,1024-2048,128,16928,33856,812544,80000,384,25392,DX11,GDDR5,28nm,1.3b,PCIe3.0,6pin,Lower Mainstream,2012
179,GeForce GTX 650 Ti Boost,980-1033,6008(1502),768 SP; 64 TMU; 24 ROP,GK106,1024-2048,192,24792,66112,1586688,144192,768,49584,DX11,GDDR5,28nm,2.45b,PCIe3.0,6pin,Mainstream,2013
180,GeForce GTX 660Ti,915-980,6008(1502),1344 SP; 112 TMU; 32 ROP,GK104,2048,192,31360,109760,2634240,144192,1344,82320,DX11,GDDR5,28nm,3.5b,PCIe3.0,6pin(x2),Highend,2012
181,GeForce GTX 680,1006-1058,6008(1502),1536 SP; 128 TMU; 32 ROP,GK104,2048,256,33856,135424,3250176,192256,1536,101568,DX11,GDDR5,28nm,3.5b,PCIe3.0,6pin(x2),Enthusiast,2012
182,GeForce GTX Titan,837-876,6008(1502),2688 SP; 224 TMU; 48 ROP,GK110,6144,384,42048,196224,4709376,288384,2688,147168,DX11,GDDR5,28nm,7.1b,PCIe3.0,6+8pin,Extreme,2013
183,GeForce GT 720,797,"1800(900), 5000(1250)",192 SP; 16 TMU; 8 ROP,GK208,1024-2048,64,6376,12752,306048,40000,192,12752,DX11,"DDR3, GDDR5",28nm,,PCIe2.0,no,Budget,2014
184,-GeForce GT 730,700(1400),"1000(500), 1800(900)",96 SP; 16 TMU; 4 ROP,GF108,1024-2048-4096,128,2800,11200,268800,28800,96,8400,DX11,DDR3,40nm,585m,PCIe2.0,no,Upper Budget,2014
185,GeForce GTX 745,1033,1800(900),384 SP; 24 TMU; 16 ROP,GM107,4096,128,16528,24792,793344,28800,384,24792,DX11,DDR3,28nm,1.87b,PCIe3.0,no,OEM,2014
186,GeForce GTX 750 Ti,1020-1085,5400(1350),640 SP; 40 TMU: 16 ROP,GM107,2048,128,17360,43400,1388800,86400,640,43400,DX11,GDDR5,28nm,1.87b,PCIe3.0,no,Lower Mainstream,2014
187,GeForce GTX 760 Ti,915-980,6008(1502),1344 SP; 112 TMU; 32 ROP,GK104,2048,256,31360,109760,2634240,192256,1344,82320,DX11,GDDR5,28nm,3.5b,PCIe3.0,6pin(x2),OEM,2013
188,GeForce GTX 780,863-900,6008(1502),2304 SP; 192 TMU; 48 ROP,GK110,3072,384,43200,172800,4147200,288384,2304,172800,DX11,GDDR5,28nm,7.1b,PCIe3.0,6+8pin,Enthusiast,2013
189,GeForce GTX Titan Black,889-980,7000(1750),2880 SP; 240 TMU; 48 ROP,GK110-B1,6144,384,47040,235200,5644800,336000,2880,176400,DX11,GDDR5,28nm,7.1b,PCIe3.0,6+8pin,Extreme,2014
190,GeForce GTX 950,1025-1188,6600(1650),768 SP; 48 TMU; 32 ROP,GM206,2048-4096,128,38016,57024,1824768,105600,768,57024,DX11.3,GDDR5,28nm,2.94b,PCIe3.0,no,Mainstream,2015
191,GeForce GTX 970,1050-1178,7000(1750),1664 SP; 104 TMU; 56 ROP,GM204,4096,256,65968,122512,3920384,224000,1664,122512,DX11.3,GDDR5,28nm,5.2b,PCIe3.0,6pin(x2),Highend,2014
192,GeForce GTX 980 Ti,1000-1075,7000(1750),2816 SP; 176 TMU: 96 ROP,GM200,6144,384,103200,189200,6054400,336000,2816,189200,DX11.3,GDDR5,28nm,8b,PCIe3.0,6+8pin,Enthusiast,2015
193,GeForce GT 1030,1227-1468,6000(1500),384 SP; 32 TMU; 16 ROP,GP108,2048,64,23488,46976,1127424,48000,384,35232,DX12,GDDR5,16nm,1.8b,PCIe3.0,no,Upper Budget,2017
194,GeForce GTX 1050,1354-1455,7000(1750),640 SP; 40 TMU; 32 ROP,GP107,2048,128,46560,58200,1862400,112000,640,58200,DX12,GDDR5,16nm,3.3b,PCIe3.0,no,Lower Mainstream,2016
195,GeForce GTX 1050 Ti,1290-1392,7000(1750),768 SP; 48 TMU; 32 ROP,GP107,4096,128,44544,66816,2138112,112000,768,66816,DX12,GDDR5,16nm,3.3b,PCIe3.0,no,Lower Mainstream,2016
196,-GeForce GTX 1060,1506-1708,8000(2000),1152 SP; 72 TMU; 48 ROP,GP106,3072,192,81984,108432,3935232,192000,1152,122976,DX12,GDDR5,16nm,4.4b,PCIe3.0,6pin,Mainstream,2016
197,GeForce GTX 1070 Ti,1607-1683,8000(2000),2432 SP; 152 TMU; 64 ROP,GP104,8192,256,107712,255816,8186112,256000,2432,255816,DX12,GDDR5,16nm,7.2b,PCIe3.0,8pin,Highend,2017
198,GeForce GTX 1080 Ti,1480-1600,11000(1375),3584 SP; 224 TMU; 88 ROP,GP102,11264,352,140800,358400,11468800,484000,3584,358400,DX12,GDDR5X,16nm,12b,PCIe3.0,8pin,Enthusiast,2017
199,Titan Xp,1582,11400(1425),3840 SP; 240 TMU; 96 ROP,GP102,12288,384,151872,379680,12149760,547200,3840,379680,DX12,GDDR5X,16nm,12b,PCIe3.0,6+8pin,Extreme,2017
200,GeForce GTX 1650,1485-1665,8000(2000),896 SP; 56 TMU; 32 ROP,TU117,4096,128,53280,93240,2983680,128000,896,93240,DX12,GDDR5,12nm,4.7b,PCIe3.0,no,Mainstream,2019
201,GeForce GTX 1660,1530-1785,8000(2000),1408 SP; 88 TMU; 48 ROP,TU116,6144,192,85680,157080,5026560,192000,1280,157080,DX12,GDDR5,12nm,6.6b,PCIe3.0,6pin,Upper Mainstream,2019
202,GeForce GTX 1660 Ti,1500-1770,12000(1500),1536 SP; 96 TMU; 48 ROP,TU116,6144,192,84960,169920,5437440,288000,1536,169920,DX12,GDDR6,12nm,6.6b,PCIe3.0,8pin,Upper Mainstream,2019
203,GeForce RTX 2060 Super,1470-1650,14000(1750),2176 SP; 136 TMU; 64 ROP,TU106,8192,256,105600,224400,7180800,448000,2176,224400,DX12U,GDDR6,12nm,10.8b,PCIe3.0,8pin,Highend,2019
204,GeForce RTX 2070 Super,1605-1770,14000(1750),2560 SP; 160 TMU; 64 ROP,TU104,8192,256,113280‬,283200,9062400,448000,2560,283200,DX12U,GDDR6,12nm,13.6b,PCIe3.0,8pin(x2),Enthusiast,2019
205,GeForce RTX 2080 Super,1650-1815,15500(1937),3072 SP; 192 TMU; 64 ROP,TU104,8192,256,116160,348480,11151360,496000,3072,348480,DX12U,GDDR6,12nm,13.6b,PCIe3.0,8pin(x2),Extreme,2019
206,Titan RTX,1350-1770,14000(1750),4608 SP; 288 TMU; 96 ROP,TU102,24576,384,169920,509760,16312320,672000,4608,509760,DX12U,GDDR6,12nm,18.4b,PCIe3.0,8pin(x2),Extreme,2018
207,GeForce RTX 3060,1320-1777,15000(1875),3584 SP; 112 TMU; 48 ROP,GA106,12288,192,85296,199024,12737536,360000,3584,398048,DX12U,GDDR6,8nm,13.3b,PCIe4.0,8pin/12pin,Highend,2021
208,GeForce RTX 3070,1500-1725,14000(1750),5888 SP; 184 TMU; 96 ROP,GA104,8192,256,110400,317400,20313600,448000,5888,634800,DX12U,GDDR6,8nm,17.4b,PCIe4.0,8pin/12pin,Enthusiast,2020
209,GeForce RTX 3080,1440-1710,19000(2375),8704 SP; 272 TMU; 96 ROP,GA102,10240,320,164160,465120,29767680,760000,8704,930240,DX12U,GDDR6X,8nm,28b,PCIe4.0,8pin(x2)/12pin,Extreme,2020
210,GeForce RTX 3090,1395-1695,19500(2437),10496 SP; 336 TMU; 112 ROP,GA102,24576,384,162720,569520,35581440,936000,10496,1111920,DX12U,GDDR6X,8nm,28b,PCIe4.0,8pin(x2)/12pin,Extreme,2020
211,GeForce RTX 4060,1830-2460,17000(2125),3072 SP; 96 TMU; 64 ROP,AD107,8192,128,157440,236160,15114240,272000,3072,472320,DX12U,GDDR6,5nm,18.9b,PCIe4.0,12pin,Upper Mainstream,2023
212,GeForce RTX 4070,1920-2475,21000(2625),5888 SP; 184 TMU; 64 ROP,AD104,12228,192,158400,455400,29145600,504000,5888,910800,DX12U,GDDR6X,5nm,35.8b,PCIe4.0,16pin,Enthusiast,2023
213,GeForce RTX 4070 Ti,2310-2610,21000(2625),7680 SP; 240 TMU; 80 ROP,AD104,12228,192,208800,626400,40089600,504000,7680,1252800,DX12U,GDDR6X,5nm,35.8b,PCIe4.0,16pin,Extreme,2023
214,GeForce RTX 4080,2205-2505,23000(2875),9728 SP; 304 TMU; 112 ROP,AD103,16384,256,280560,761520,48737280,736000,9728,1523040,DX12U,GDDR6X,5nm,45.9b,PCIe4.0,16pin,Extreme,2022
215,Arc A380,2000,15496(1937),1024 SP; 64 TMU; 16 ROP,ACM-G11,6144,96,32000,128000,4096000,185952,1024,128000,DX12U,GDDR6,6nm,7.2b,PCIe4.0,no,Mainstream,2022
216,Arc A750,2050,16000(2000),3584 SP; 224 TMU; 96 ROP,ACM-G10,8192,256,196800,459200,14694400,512000,3584,459200,DX12U,GDDR6,6nm,21.7b,PCIe4.0,6+8pin,Upper Mainstream,2022
217,Arc B570,2500,19000(2375),,BMG-G21,10240,160,,,,,,,DX12U,GDDR6,5nm,,PCIe4.0,8pin,Upper Mainstream,
0,Radeon (7200),"155, 166, 183","155, 166, 333(166), 366(183)",2 PP; 6 TMU; 2 ROP,R100,32-64,128,366,1098,n/a,5856,0.5,22.9,DX7,"SDR,SGRAM,DDR(TSOP)",180nm,30m,AGP4X,no,Enthusiast,2000
1,Radeon VE (7000),"166, 183","166, 183, 366(183)",1 PP; 3 TMU; 1 ROP,RV100,32-64,64,183,549,n/a,2928,0,?,DX7,"SDR,DDR(TSOP)",180nm,30m,"AGP4X,PCI",no,Mainstream,2001
2,Radeon 7500LE,250,"166, 366(183)",2 PP; 6 TMU; 2 ROP,RV200,64-128,64-128,500,1500,n/a,5856,0.5,31.3,DX7,DDR(TSOP),150nm,30m,AGP4X,no,Upper Mainstream,2001
3,Radeon 8500LE,250,500(250),4 PP; 8 TMU; 4 ROP,R200,64-128,128,1000,2000,?,8000,2,125,DX8.1,DDR(TSOP/BGA),150nm,60m,AGP4X,no,Highend,2002
4,Radeon 9000 Pro,275,550(275),4 PP/TMU/ROP,RV250,64-128,128,1100,1100,?,8800,1,68.8,DX8.1,DDR(TSOP/BGA),150nm,36m,AGP4X,no,Upper Mainstream,2002
5,Radeon 9100 Pro,275,550(275),4 PP; 8 TMU; 4 ROP,R200,64-128,128,1100,2200,?,8800,2,137.5,DX8.1,DDR(TSOP/BGA),150nm,60m,AGP4X,no,OEM,2003
6,Radeon 9200LE,250,400(200),4 PP/TMU/ROP,RV280,128-256,64-128,1000,1000,?,6400,1,62.5,DX8.1,DDR(TSOP),150nm,36m,"AGP8X,PCI",no,Upper Budget,2003
7,Radeon 9200 Pro,300,600(300),4 PP/TMU/ROP,RV280,128,128,1200,1200,?,9600,1,75,DX8.1,DDR(TSOP/BGA),150nm,36m,AGP8X,no,OEM,2003
8,Radeon 9500,275,540(270),4 PP/TMU/ROP,R300,64-128,128-256,1100,1100,13200,17600,4,275,DX9,DDR(BGA),150nm,107m,AGP8X,4pin,Mainstream,2002
9,Radeon 9550,250,400(200),4 PP/TMU/ROP,RV350LX,128-256,64-128,1000,1000,12000,6400,2,125,DX9,DDR(TSOP),130nm,75m,AGP8X,no,Budget,2004
10,Radeon 9600,325,400(200),4 PP/TMU/ROP,RV350,64-128-256,64-128,1300,1300,15600,6400,2,162.5,DX9,DDR(TSOP),130nm,75m,AGP8X,no,Lower Mainstream,2003
11,Radeon 9600SE,325,400(200),4 PP/TMU/ROP,RV350,128-256,64,1300,1300,15600,3200,2,162.5,DX9,DDR(TSOP),130nm,75m,AGP8X,no,Lower Mainstream,2003
12,Radeon 9600XT,500,600(300),4 PP/TMU/ROP,RV360,128-256,128,2000,2000,24000,9600,2,250,DX9,DDR(BGA),130nm,75m,AGP8X,no,Upper Mainstream,2003
13,Radeon 9700 Pro,325,620(310),8 PP/TMU/ROP,R300,128,256,2600,2600,31200,19840,4,325,DX9,DDR(BGA),150nm,107m,AGP8X,4pin,Enthusiast,2002
14,Radeon 9800,325,580(290),8 PP/TMU/ROP,R350,128-256,128-256,2600,2600,31200,18560,4,325,DX9,DDR(BGA),150nm,115m,AGP8X,4pin,Highend,2003
15,Radeon 9800 Pro,380,680(340)-700(350),8 PP/TMU/ROP,R350,128-256,256,3040,3040,36480,22400,4,380,DX9,"DDR(BGA),GDDR2",150nm,115m,AGP8X,4pin,Enthusiast,2003
16,Radeon X300,325,400(200),4 PP/TMU/ROP,RV370,128-256,128,1300,1300,15600,6400,2,162.5,DX9,DDR(TSOP),110nm,75m,PCIe16X,no,Lower Mainstream,2004
17,Radeon X300SE HyperMemory,325,600(300),4 PP/TMU/ROP,RV370SE,32-128,64,1300,1300,15600,8800,2,162.5,DX9,DDR(BGA),110nm,75m,PCIe16X,no,Lower Mainstream,2005
18,Radeon X600 Pro,400,600(300),4 PP/TMU/ROP,RV380,128-256,128,1600,1600,19200,9600,2,200,DX9,DDR(BGA),130nm,75m,PCIe16X,no,Mainstream,2004
19,Radeon X700,400,700(350),8 PP/TMU/ROP,RV410,128-256,128,3200,3200,38400,11200,6,600,DX9b,DDR(BGA),110nm,120m,PCIe16X,no,Mainstream,2005
20,Radeon X700 Pro,425,860(430),8 PP/TMU/ROP,RV410,128-256,128,3400,3400,40800,13760,6,637.5,DX9b,GDDR3,110nm,120m,"PCIe16X,AGP8X",either,Upper Mainstream,2005
21,Radeon X800,392,700(350),12 PP/TMU/ROP,R430,128-256,256,4704,4704,56448,22400,6,588,DX9b,GDDR3,110nm,160m,"PCIe16X,AGP8X",either,Upper Mainstream,2004
22,Radeon X800GT,475,"700(350), 980(490)",8 PP/TMU/ROP,"R423,R480",128-256,256,3800,3800,45600,31360,6,705,DX9b,GDDR3,130nm,~160m,PCIe16X,no,Mainstream,2005
23,Radeon X800XL,400,980(490),16 PP/TMU/ROP,R430,256-512,256,6400,6400,76800,31360,6,600,DX9b,GDDR3,110nm,160m,"PCIe16X,AGP8X",either,Highend,2005
24,Radeon X800XT,500,1000(500),16 PP/TMU/ROP,"R420,R423",256,256,8000,8000,96000,32000,6,750,DX9b,GDDR3,130nm,160m,"PCIe16X,AGP8X",4pin/6pin,Enthusiast,2004
25,Radeon X850 Pro,500,1000(500)-1040(520),12 PP/TMU/ROP,"R480,R481",256,256,6000,6000,74880,33280,6,750,DX9b,GDDR3,130nm,>160m,"PCIe16X,AGP8X",4pin/6pin,Highend,2004
26,Radeon X850XT Platinum Ed.,540,1180(590),16 PP/TMU/ROP,"R480,R481",256-512,256,8640,8640,103680,37760,6,810,DX9b,GDDR3,130nm,>160m,"PCIe16X,AGP8X",4pin/6pin,Enthusiast,2004
27,Radeon X1300,450,500(250),4 PP/TMU/ROP,RV515,128-256-512,64-128,1800,1800,21600,8000,2,225,DX9c,DDR2,90nm,105m,"PCIe16X,AGP8X",either,Lower Mainstream,2005
28,Radeon X1300XT,500,780(390),12 PP; 4 TMU/ROP,RV530,256-512,128,2000,2000,72000,12480,5,625,DX9c,DDR2,90nm,157m,PCIe16X,no,Upper Mainstream,2006
29,Radeon X1600 Pro,500,780(390),12 PP; 4 TMU/ROP,RV530,256-512,128,2000,2000,72000,12480,5,625,DX9c,"DDR2,GDDR3",90nm,157m,"PCIe16X,AGP8X",either,Upper Mainstream,2005
30,Radeon X1650,500,780(390),12 PP; 4 TMU/ROP,RV530,256-512,128,2000,2000,72000,12480,5,625,DX9c,"DDR2,GDDR3",90nm,157m,"PCIe16X,AGP8X",either,Upper Mainstream,2007
31,Radeon X1650 Pro,600,1400(700),12 PP; 4 TMU/ROP,RV535,256-512,128,2400,2400,86400,22400,5,750,DX9c,GDDR3,90nm,157m,"PCIe16X,AGP8X",either,Mainstream,2006
32,Radeon X1800GTO,500,1000(500),12 PP/TMU/ROP,R520,256,256,6000,6000,72000,32000,8,1000,DX9c,GDDR3,90nm,321m,PCIe16X,6pin,Upper Mainstream,2006
33,Radeon X1800XT,625,1500(750),16 PP/TMU/ROP,R520,256-512,256,10000,10000,120000,45000,8,1250,DX9c,GDDR3,90nm,321m,PCIe16X,6pin,Enthusiast,2005
34,Radeon X1900GT,"512, 575",1200(600)-1320(660),36 PP; 12 TMU/ROP,R580,256-512,256,6900,6900,248400,42240,8,1150,DX9c,GDDR3,90nm,384m,PCIe16X,6pin,Upper Mainstream,2006
35,Radeon X1900XTX,650,1550(775),48 PP; 16 TMU/ROP,R580,512,256,10400,10400,374400,49600,8,1300,DX9c,GDDR3,90nm,384m,PCIe16X,6pin,Enthusiast,2006
36,Radeon X1950 Pro,575,1380(690),36 PP; 12 TMU/ROP,RV570,256-512,256,6900,6900,248400,44160,8,1150,DX9c,GDDR3,80nm,330m,"PCIe16X,AGP8X",6pin,Highend,2006
37,Radeon X1950XTX,650,2000(1000),48 PP; 16 TMU/ROP,R580,512,256,10400,10400,374400,64000,8,1300,DX9c,GDDR4,90nm,384m,PCIe16X,6pin,Enthusiast,2006
38,Radeon HD 2400XT,700,1600(800),40 SP; 4 TMU/ROP,RV610,256,64,2800,2800,56000,12800,40,1400,DX10,GDDR3,65nm,180m,PCIe16X,no,Upper Budget,2007
39,Radeon HD 2600XT,800,"1600(800), 2200(1100)",120 SP; 8 TMU; 4 ROP,RV630,256-512,128,3200,6400,192000,35200,120,4800,DX10,"GDDR3,4",65nm,390m,"PCIe16X,AGP8X",either,Upper Mainstream,2007
40,Radeon HD 2900 Pro,600,1600(800),320 SP; 16 TMU/ROP,R600,512-1024,512,9600,9600,384000,102400,320,9600,DX10,GDDR3,80nm,720m,PCIe16X,6+8pin,Upper Mainstream,2007
41,Radeon HD 3450,600,"800(400), 1000(500)",40 SP; 4 TMU/ROP,RV620,256,64,2400,2400,48000,8000,40,1200,DX10.1,DDR2,55nm,181m,PCIe2.0,no,Budget,2008
42,Radeon HD 3650,725,"1000(500),1600(800)",120 SP; 8 TMU; 4 ROP,RV635,256-512-1024,128,2900,5800,174000,25600,120,4350,DX10.1,"DDR2,GDDR3",55nm,378m,"PCIe2.0,AGP8X",either,Lower Mainstream,2008
43,Radeon HD 3870,775,2250(1125),320 SP; 16 TMU/ROP,RV670,512-1024,256,12400,12400,496000,76800,320,12400,DX10.1,GDDR4,55nm,666m,PCIe2.0,6pin,Upper Mainstream,2007
44,Radeon HD 4350,600,1000(500),80 SP; 8 TMU; 4 ROP,RV710,256,64,2400,4800,96000,8000,80,2400,DX10.1,DDR2,55nm,242m,PCIe2.0,no,Budget,2008
45,Radeon HD 4850,625,2000(1000),800 SP; 40 TMU; 16 ROP,RV770,512-1024,256,10000,25000,1000000,64000,800,25000,DX10.1,GDDR3,55nm,956m,PCIe2.0,6pin,Upper Mainstream,2008
46,Radeon HD 4860,700,3000(750),640 SP; 32 TMU; 16 ROP,RV790,512-1024,256,11200,22400,896000,96000,640,22400,DX10.1,GDDR5,55nm,959m,PCIe2.0,6pin(x2),Mainstream,2009
47,Radeon HD 4870X2,750,3600(900),800 SP; 40 TMU; 16 ROP(x2),R700,1024,256(x2),12000(x2),30000(x2),1200000(x2),115200(x2),800(x2),30000(x2),DX10.1,GDDR5,55nm,956m(x2),PCIe2.0,6+8pin,Enthusiast,2008
48,Radeon HD 5450,650,"666(333), 1600(800)",80 SP; 8 TMU; 4 ROP,Cedar,512-1024,64,2600,5200,104000,12800,80,2600,DX11,GDDR3,40nm,292m,"PCIe2.1,AGP8X",no,Budget,2010
49,Radeon HD 5570,650,1800(900),400 SP; 20 TMU; 8 ROP,Redwood,512-1024,128,5200,13000,520000,28800,400,13000,DX11,GDDR3,40nm,627m,PCIe2.1,no,Upper Budget,2010
50,Radeon HD 5750,700,4600(1150),720 SP; 36 TMU; 16 ROP,Juniper,512-1024,128,11200,25200,1008000,73600,720,25200,DX11,GDDR5,40nm,1.04b,PCIe2.1,6pin,Mainstream,2009
51,Radeon HD 5830,800,4000(1000),1120 SP; 56 TMU; 16 ROP,Cypress,1024,256,12800,44800,1792000,128000,1120,44800,DX11,GDDR5,40nm,2.15b,PCIe2.1,6pin(x2),Upper Mainstream,2010
52,Radeon HD 5870,850,4800(1200),1600 SP; 80 TMU; 32 ROP,Cypress,1024-2048,256,27200,68000,2720000,153600,1600,68000,DX11,GDDR5,40nm,2.15b,PCIe2.1,6pin(x2),Highend,2009
53,Radeon HD 5970,725,4000(1000),1600 SP; 80 TMU; 32 ROP(x2),Hemlock,1024,256(x2),23200(x2),58000(x2),2320000(x2),128000(x2),1600(x2),58000(x2),DX11,GDDR5,40nm,2.15b(x2),PCIe2.1,6+8pin,Enthusiast,2009
54,Radeon HD 6450,"650, 750","1600(800), 3600(900)",160 SP; 8 TMU; 4 ROP,Caicos,512,64,3000,6000,240000,28800,160,7500,DX11,"DDR3,GDDR5",40nm,370m,PCIe2.1,no,Budget,2011
55,Radeon HD 6670,800,4000(1000),480 SP; 24 TMU; 8 ROP,Turks,1024,128,6400,19200,768000,64000,480,24000,DX11,GDDR5,40nm,716m,PCIe2.1,no,Upper Budget,2011
56,Radeon HD 6770,850,4800(1200),800 SP; 40 TMU; 16 ROP,Juniper,1024,128,13600,34000,1360000,76800,800,34000,DX11,GDDR5,40nm,1.04b,PCIe2.1,6pin,Mainstream,2011
57,Radeon HD 6850,775,4000(1000),960 SP; 48 TMU; 32 ROP,Barts,1024,256,24800,37200,1488000,128000,960,46500,DX11,GDDR5,40nm,1.7b,PCIe2.1,6pin,Upper Mainstream,2010
58,Radeon HD 6930,750,4800(1200),1280 SP; 80 TMU; 32 ROP,Cayman,1024-2048,256,24000,60000,1920000,76800,1280,60000,DX11,GDDR5,40nm,2.64b,PCIe2.1,6pin(x2),Mainstream,2011
59,Radeon HD 6970,880,5500(1375),1536 SP; 96 TMU; 32 ROP,Caymen,1024-2048,256,28160,84480,2703360,176000,1536,84480,DX11,GDDR5,40nm,2.64b,PCIe2.1,6+8pin,Highend,2010
60,Radeon HD 7350,650,1600(800),80 SP; 8 TMU; 4 ROP,Cedar,512-1024,64,2600,5200,104000,12800,80,2600,DX11,GDDR3,40nm,292m,PCIe2.1,no,OEM,2012
61,Radeon HD 7470,750,3600(900),160 SP; 8 TMU; 4 ROP,Caicos,512-1024,64,3000,6000,240000,28800,160,7500,DX11,GDDR5,40nm,370m,PCIe2.1,no,OEM,2012
62,Radeon HD 7670,800,4000(1000),480 SP; 24 TMU; 8 ROP,Turks,512-1024,128,6400,19200,768000,640000,480,24000,DX11,GDDR5,40nm,716m,PCIe2.1,no,OEM,2012
63,Radeon HD 7770 GHz Ed.,1000,4500(1125),640 SP; 40 TMU; 16 ROP,Cape Verde,1024,128,16000,40000,1280000,72000,640,40000,DX11.2,GDDR5,28nm,1.5b,PCIe3.0,6pin,Mainstream,2012
64,Radeon HD 7850,860,4800(1200),1024 SP; 64 TMU; 32 ROP,Pitcairn,2048,256,27520,55040,1761280,153600,1024,55040,DX11.2,GDDR5,28nm,2.8b,PCIe3.0,6pin,Upper Mainstream,2012
65,Radeon HD 7870 XT,925-975,6000(1500),1536 SP; 96 TMU; 32 ROP,Tahiti,2048,256,31200,93600,2995200,192000,1536,93600,DX11.2,GDDR5,28nm,4.31b,PCIe3.0,6pin(x2),Upper Mainstream,2012
66,Radeon HD 7950 Boost,850-925,5000(1250),1792 SP; 112 TMU; 32 ROP,Tahiti,3072,384,29600,103600,3315200,240000,1792,103600,DX11.2,GDDR5,23nm,4.31b,PCIe3.0,6pin(x2),Highend,2012
67,Radeon HD 7970 GHz Ed.,1000-1050,6000(1500),2048 SP; 128 TMU; 32 ROP,Tahiti,3072,384,33600,128000,4096000,288000,2048,128000,DX11.2,GDDR5,28nm,4.31b,PCIe3.0,6+8pin,Enthusiast,2012
68,Radeon R7 240,730-780,"1800(900), 4600(1150)",320 SP; 20 TMU; 8 ROP,Oland,2048,128,6240,15600,499200,73600,320,15600,DX12,"DDR3,GDDR5",28nm,1.04b,PCIe3.0,no,Budget,2013
69,Radeon R7 250E,800,4500(1125),512 SP; 32 TMU; 16 ROP,Cape Verde,1024-2048,128,12800,25600,819200,72000,512,25600,DX12,GDDR5,28nm,1.5b,PCIe3.0,no,Upper Budget,2013
70,Radeon R7 260,1000,6000(1500),768 SP; 48 TMU; 16 ROP,Bonaire,1024-2048,128,16000,48000,1536000,96000,768,48000,DX12,GDDR5,28nm,2.08b,PCIe3.0,6pin,Lower Mainstream,2013
71,Radeon R7 265,900-925,5600(1400),1024 SP; 64 TMU; 32 ROP,Pitcairn,2048,256,29600,59200,1894400,179200,1024,59200,DX12,GDDR5,28nm,2.8b,PCIe3.0,6pin,Mainstream,2014
72,Radeon R9 270X,1000-1050,5600(1400),1280 SP; 80 TMU; 32 ROP,Pitcairn,2048,256,33600,84000,2688000,179200,1280,84000,DX12,GDDR5,28nm,2.8b,PCIe3.0,6pin(x2),Upper Mainstream,2013
73,Radeon R9 280X,850-1000,6000(1500),2048 SP; 128 TMU; 32 ROP,Tahiti,3072,384,32000,128000,4096000,288000,2048,128000,DX12,GDDR5,28nm,4.31b,PCIe3.0,6+8pin,Highend,2013
74,Radeon R9 290,662-947,5000(1250),2560 SP; 160 TMU; 64 ROP,Hawaii,4096,512,60608,151520,4848640,320000,2560,151520,DX12,GDDR5,28nm,6.2b,PCIe3.0,6+8pin,Highend,2013
75,Radeon R9 295X2,1018,5000(1250),2816 SP; 176 TMU; 64 ROP(x2),2816 SP; 176 TMU; 64 ROP(x2),Hawaii,4096,512(x2),65152(x2),179168(x2),5733376(x2),320000(x2),2816(x2),179168(x2),DX12,GDDR5,28nm,6.2b(x2),PCIe3.0,8pin(x2),Enthusiast
76,Radeon R7 370,975,5600(1400),1024 SP; 64 TMU; 32 ROP,Pitcairn,2048-4096,256,31200,62400,1996800,179200,1024,62400,DX12,GDDR5,28nm,2.8b,PCIe3.0,6pin,Mainstream,2015
77,Radeon R9 380,970,5500(1375),1792 SP; 112 TMU; 32 ROP,Tonga,2048-4096,256,31040,108640,3476480,176000,1792,108640,DX12,GDDR5,28nm,5b,PCIe3.0,6pin(x2),Mainstream,2015
78,Radeon R9 390,1000,6000(1500),2560 SP; 160 TMU; 64 ROP,Hawaii,8192,512,64000,160000,5120000,384000,2560,160000,DX12,GDDR5,28nm,6.2b,PCIe3.0,8pin(x2),Highend,2015
79,Radeon R9 Nano,1000,1000(500),4096 SP; 256 TMU; 64 ROP,Fiji,4096,4096,64000,256000,8192000,512000,4096,256000,DX12,HBM,28nm,8.9b,PCIe3.0,8pin,Enthusiast,2015
80,Radeon R9 Fury X,1050,1000(500),4096 SP; 256 TMU; 64 ROP,Fiji,4096,4096,67200,268800,8601600,512000,4096,268800,DX12,HBM,28nm,8.9b,PCIe3.0,8pin(x2),Enthusiast,2015
81,Radeon RX 460,1090-1200,7000(1750),896 SP; 56 TMU; 16 ROP,Polaris 11,4096,128,19200,67200,2150400,112000,896,67200,DX12,GDDR5,14nm,3b,PCIe3.0,no,Lower Mainstream,2016
82,Radeon RX 470,926-1206,6600(1650),2048 SP; 128 TMU; 32 ROP,Polaris 10,4096-8192,256,38592,154368,4939776,211200,2048,154368,DX12,GDDR5,14nm,5.7b,PCIe3.0,6pin,Mainstream,2016
83,Radeon RX 540,1219,6000(1500),512 SP; 32 TMU; 16 ROP,Lexa,2048-4096,128,19504,39008,1248256,96000,512,39008,DX12,GDDR5,14nm,2.2b,PCIe3.0,no,OEM,
84,Radeon RX 560,1175-1275,7000(1750),1024 SP; 64 TMU; 16 ROP,Polaris 21,2048-4096,128,20400,81600,2611200,112000,1024,81600,DX12,GDDR5,14nm,3b,PCIe3.0,no,Upper Budget,2017
85,Radeon RX 560XT,973-1073,6600(1650),1792 SP; 112 TMU; 32 ROP,Polaris 20,4096,256,34336,120176,3845632,211200,1792,120176,DX12,GDDR5,14nm,5.7nm,PCIe3.0,6pin,,2019
86,Radeon RX 580,1257-1340,8000(2000),2304 SP; 144 TMU; 32 ROP,Polaris 20,4096-8192,256,42880,192960,6174720,256000,2304,192960,DX12,GDDR5,14nm,5.7b,PCIe3.0,6pin,Upper Mainstream,2017
87,Radeon RX 590,1469-1545,8000(2000),2304 SP; 144 TMU; 32 ROP,Polaris 30,8192,256,49440,222480,7119360,256000,2304,222480,DX12,GDDR5,12nm,5.7b,PCIe3.0,6pin,Upper Mainstream,2018
88,Radeon RX Vega 64,1247-1546,1890(945),4096 SP; 256 TMU; 64 ROP,Vega 10,8192,2048,98944,395776,12664832,483840,4096,395776,DX12,HBM2,14nm,12.5b,PCIe3.0,8pin(x2),Enthusiast,2017
89,Radeon VII,1400-1750,2000(1000),3840 SP; 240 TMU; 64 ROP,Vega 20,16384,4096,112000,420000,13440000,1024000,3840,420000,DX12,HBM2,7nm,13.2b,PCIe3.0,8pin(x2),Extreme,2019
90,Radeon RX 5300XT,1670-1717-1845,7000(1750),1408 SP; 88 TMU; 32 ROP,Navi 14,4096,128,59040,162360,5195520,112000,1408,162360,DX12,GDDR5,7nm,6.4b,PCIe4.0,no,OEM,2019
91,Radeon RX 5600XT,1130-1375-1560,12000(1500)-14000(1750),2304 SP; 144 TMU; 64 ROP,Navi 10,6144,192,99840,224640,7188480,336000,2304,224640,DX12,GDDR6,7nm,10.3b,PCIe4.0,8pin,Upper Mainstream,2020
92,Radeon RX 5700XT,1605-1755-1905,14000(1750),2560 SP; 160 TMU; 64 ROP,Navi 10,8192,256,121920,304800,9753600,448000,2560,304800,DX12,GDDR6,7nm,10.3b,PCIe4.0,6+8pin,Highend,2019
93,Radeon RX 6600,1626-2044-2491,14000(1750),1792 SP; 112 TMU; 64 ROP,Navi 23,8192,128,159424,278992,8927744,224000,1792,278992,DX12U,GDDR6,7nm,11.1b,PCIe4.0,8pin,Highend,2021
94,Radeon RX 6650XT,2055-2410-2635,18000(2250),2048 SP; 128 TMU; 64 ROP,Navi 23,8192,128,168640,337280,10792960,288000,2048,337280,DX12U,GDDR6,7nm,11.1b,PCIe4.0,8pin,Highend,2022
95,Radeon RX 6700XT,2321-2424-2581,16000(2000),2560 SP; 160 TMU; 64 ROP,Navi 22,12288,192,165184,412960,13214720,384000,2560,412960,DX12U,GDDR6,7nm,17.2b,PCIe4.0,6+8pin,Enthusiast,2021
96,Radeon RX 6800,1700-1815-2105,16000(2000),3840 SP; 240 TMU; 96 ROP,Navi 21,16384,256,202080,505200,16166400,512000,3840,505200,DX12U,GDDR6,7nm,26.8b,PCIe4.0,8pin(x2),Enthusiast,2020
97,Radeon RX 6900XT,1825-2015-2250,16000(2000),5120 SP; 320 TMU; 128 ROP,Navi 21,16384,256,288000,720000,23040000,512000,5120,720000,DX12U,GDDR6,7nm,26.8b,PCIe4.0,8pin(x2),Extreme,2020
98,Radeon RX 7600,1720-2250-2655,18000(2250),2048 SP; 128 TMU; 64 ROP,Navi 33,8192,128,169920,339840,10874880,288000,2048,339840,DX12U,GDDR6,5nm,13.3b,PCIe4.0,6pin,Upper Mainstream,2023
99,Radeon RX 7800XT,1700-2124-2430,19504(2438),3840 SP; 240 TMU; 96 ROP,Navi 32,16384,256,233280,583200,18662400,624128,3840,583200,DX12U,GDDR6,5nm,28.1b,PCIe4.0,8pin(x2),Enthusiast,2023
100,GeForce 256,120,166,4 PP/TMU/ROP,NV10,32,128,480,480,n/a,2656,0.5,15,DX7,SDR,220nm,23m,"AGP4X,PCI",no,Enthusiast,1999
101,GeForce2 MX,175,"166, 333(166)",2 PP; 4 TMU; 2 ROP,NV11,32-64,64-128,350,700,n/a,2664,0.5,21.9,DX7,SDR,180nm,20m,AGP4X,no,Mainstream,2000
102,GeForce2 MX400,200,"200, 400(200)",2 PP; 4 TMU; 2 ROP,NV11,32-64,64-128,400,800,n/a,6400,0.5,25,DX7,"SDR,DDR(TSOP)",180nm,20m,"AGP4X,PCI",no,Upper Mainstream,2000
103,GeForce2 Pro,200,"366(183), 400(200)",4 PP; 8 TMU; 4 ROP,NV15,32-64,128,800,1600,n/a,6400,0.5,25,DX7,DDR(TSOP),180nm,25m,AGP4X,no,Enthusiast,2000
104,GeForce2 Ultra,250,460(230),4 PP; 8 TMU; 4 ROP,NV15,32-64,128,1000,2000,n/a,7360,0.5,31.3,DX7,DDR(TSOP),180nm,25m,AGP4X,no,Enthusiast,2000
105,GeForce3 Ti200,175,400(200),4 PP; 8 TMU; 4 ROP,NV20,64-128,128,700,1400,?,6400,1,43.8,DX8,DDR(TSOP),150nm,57m,AGP4X,no,Highend,2001
106,GeForce4 MX420,250,"166, 333(166)",2 PP; 4 TMU; 2 ROP,NV17,64-128,64-128,500,1000,n/a,5400,0.5,31.3,DX7,"SDR,DDR(TSOP)",150nm,29m,"AGP4X,PCI",no,Lower Mainstream,2002
107,GeForce4 MX440SE,250,333(166),2 PP; 4 TMU; 2 ROP,NV17,64-128,64-128,500,1000,n/a,5400,0.5,31.3,DX7,DDR(TSOP),150nm,29m,AGP4X,no,Mainstream,2002
108,GeForce4 MX4000,275,"333(166), 400(200), 500(250)",2 PP; 4 TMU; 2 ROP,NV18,64-128,32-64-128,550,1100,n/a,8000,0.5,34.4,DX7,DDR(TSOP),150nm,29m,"AGP4X,PCI",no,Budget,2003
109,GeForce4 Ti4400,275,550(275),4 PP; 8 TMU; 4 ROP,NV25,128,128,1100,2200,?,8800,2,137.5,DX8,DDR(BGA),150nm,63m,AGP4X,no,Highend,2002
110,GeForce4 Ti4800,300,650(325),4 PP; 8 TMU; 4 ROP,NV28,128,128,1200,2400,?,10400,2,150,DX8,DDR(BGA),150nm,63m,AGP8X,no,Enthusiast,2002
111,GeForce FX 5200,250,"333(166), 400(200)",4 PP/TMU/ROP,NV34,128-256,64-128,1000,1000,8000,6400,1,62.5,DX9,DDR(TSOP),150nm,45m,"AGP8X,PCI",no,Lower Mainstream,2003
112,GeForce FX 5200SE/XT,250,333(166),4 PP/TMU/ROP,NV34,128-256,64,1000,1000,8000,2700,1,62.5,DX9,DDR(TSOP),150nm,45m,"AGP8X,PCI",no,Lower Mainstream,2003
113,GeForce FX 5500,270,400(200),4 PP/TMU/ROP,NV34,128-256,64-128,1080,1080,8640,6400,1,67.5,DX9,DDR(TSOP),150nm,45m,"AGP8X,PCI",no,Mainstream,2004
114,GeForce FX 5600,325,550(275),4 PP/TMU/ROP,NV31,128,128,1300,1300,10400,8800,1,81.3,DX9,DDR(TSOP),130nm,80m,AGP8X,no,Mainstream,2003
115,GeForce FX 5600 Ultra,400,"650(325), 800(400)",4 PP/TMU/ROP,NV31,128,128,1600,1600,12800,12800,1,100,DX9,DDR(BGA),130nm,80m,AGP8X,4pin,Upper Mainstream,2003
116,GeForce FX 5700LE,250,400(200),4 PP/TMU/ROP,NV36,128-256,64-128,1000,1000,8000,6400,3,187.5,DX9,DDR(TSOP),150nm,82m,AGP8X,no,Lower Mainstream,2003
117,GeForce FX 5800,400,800(400),4 PP; 8 TMU; 4 ROP,NV30,128,128,1600,3200,12800,12800,2,200,DX9,GDDR2,130nm,125m,AGP8X,yes,Highend,2003
118,GeForce FX 5900,400,850(425),4 PP; 8 TMU; 4 ROP,NV35,128,256,1600,3200,12800,27200,3,300,DX9,DDR(BGA),130nm,135m,AGP8X,4pin,Highend,2003
119,GeForce FX 5900 Ultra,450,850(425),4 PP; 8 TMU; 4 ROP,NV35,256,256,1800,3600,14400,27200,3,337.5,DX9,DDR(BGA),130nm,135m,AGP8X,4pin,Enthusiast,2003
120,GeForce PCX 4300,250,333(167),2 PP; 4 TMU; 2 ROP,NV18,128MB,64,500,1000,n/a,2664,0.5,31.3,DX7,DDR(TSOP),150nm,29m,PCIe16X,no,Budget,2004
121,GeForce PCX 5750,425,"500(250), 550(275)",4 PP/TMU/ROP,NV36,128-256,128,1700,1700,13600,8800,3,318.8,DX9,DDR(TSOP),150nm,82m,PCIe16X,no,Mainstream,2004
122,GeForce PCX 5950,475,950(475),4 PP; 8 TMU; 4 ROP,NV35,128,256,1900,3800,15200,30400,3,356.3,DX9,DDR(BGA),130nm,135m,PCIe16X,no,Highend,2004
123,-GeForce 6200,350,500(250),4 PP/TMU; 2 ROP,NV44A,128-256,64,700,1400,16800,4000,3,262.5,DX9c,DDR(TSOP),110nm,77m,"AGP8X,PCI",no,Lower Mainstream,2004
124,GeForce 6200SE/LE,350,533(266),2 PP/TMU; 2 ROP,"NV44,NV44A",128-256,64,700,700,8400,4264,2,175,DX9c,"DDR(TSOP/BGA),DDR2",110nm,77m,"PCIe16,AGP8X",no,Lower Mainstream,2004
125,GeForce 6600,"350, 400","500(250), 550(275), 800(400)",8 PP/TMU; 4 ROP,NV43,128-256,64-128,1600,3200,28800,12800,3,300,DX9c,"DDR(TSOP),DDR2",110nm,146m,"PCIe16X,AGP8X",no,Mainstream,2004
126,GeForce 6600GT,500,"900(450), 1000(500)",8 PP/TMU; 4 ROP,NV43,128,128,2000,4000,48000,16000,3,375.8,DX9c,GDDR3,110nm,146m,"PCIe16X,AGP8X",either,Upper Mainstream,2004
127,GeForce 6800,325,700(350),12 PP/TMU/ROP,NV40,128,256,3900,3900,46800,22400,5,406.3,DX9c,DDR(BGA),130nm,222m,AGP8X,4pin,Upper Mainstream,2004
128,GeForce 6800LE,"300, 325",700(350),8 PP/TMU/ROP,NV40,128,256,2600,2600,31200,22400,4,325,DX9c,DDR(BGA),130nm,222m,AGP8X,4pin,Upper Mainstream,2004
129,GeForce 6800XT,325,600(300),8 PP/TMU/ROP,"NV40,NV41,NV42",256,256,2600,2600,31200,19200,4,325,DX9c,DDR(BGA),110nm,202m,"PCIe16X,AGP8X",no,Upper Mainstream,2005
130,-GeForce 6800GS,350,1000(500),12 PP/TMU/ROP,NV40,256,256,4200,4200,50400,32000,5,531.3,DX9c,GDDR3,130nm,222m,AGP8X,4pin,Upper Mainstream,2005
131,GeForce 6800GTO,350,900(450),12 PP/TMU/ROP,NV45,256,256,4200,4200,50400,28800,5,437.5,DX9c,GDDR3,130nm,222m,PCIe16X,6pin,OEM,2004
132,GeForce 6800 Ultra Extreme Ed.,450,1200(600),16 PP/TMU/ROP,"NV40,NV45",256,256,7200,7200,86400,38400,6,675,DX9c,GDDR3,130nm,222m,"PCIe16X,AGP8X",4pin(x2)/6pin,Enthusiast,2004
133,GeForce 7200GS,450,800(400),4 PP/TMU; 2 ROP,G78,128-256,64,900,1800,28800,6400,2,225,DX9c,DDR2,65nm,,PCIe16X,no,Budget,2006
134,GeForce 7300GS,550,"700(350), 800(400)",4 PP/TMU; 2 ROP,G72,128-256,64,1100,2200,35200,6400,3,412.5,DX9c,"DDR(BGA),DDR2",90nm,112m,PCIe16X,no,Upper Budget,2006
135,GeForce 7600GS,400,800(400),12 PP/TMU; 8 ROP,"G73,G73-B1",128-256,128,3200,4800,76800,12800,5,500,DX9c,DDR2,"90,80nm",~178m,"PCIe16X,AGP8X",either,Mainstream,2006
136,-GeForce 7600GT,"560, 650","1400(700), 1600(800)",12 PP/TMU; 8 ROP,G73-B1,256,128,5200,7800,124800,25600,5,812.5,DX9c,GDDR3,80nm,~178m,PCIe16X,no,Upper Mainstream,2006
137,GeForce 7800GT,400 (+40V),1000(500),20 PP/TMU; 16 ROP,G70,256,256,6400,8000,128000,32000,7,770,DX9c,GDDR3,110nm,302m,PCIe16X,6pin,Highend,2005
138,-GeForce 7800GTX (512MB),550,1700(850),24 PP/TMU; 16 ROP,G70,512,256,8800,13200,211200,54400,8,1100,DX9c,GDDR3,110nm,302m,PCIe16X,6pin,Enthusiast,2005
139,GeForce 7900GT,450,1320(660),24 PP/TMU; 16 ROP,G71,256-512,256,7200,10800,172800,42240,8,900,DX9c,GDDR3,90nm,278m,PCIe16X,6pin,Highend,2006
140,GeForce 7900GTX,650,1600(800),24 PP/TMU; 16 ROP,G71,512,256,10400,15600,249600,51200,8,1300,DX9c,GDDR3,90nm,278m,PCIe16X,6pin,Enthusiast,2006
141,GeForce 7950GT,550,1400(700),24 PP/TMU; 16 ROP,G71,512,256,8800,13200,211200,44800,8,1100,DX9c,GDDR3,90nm,278m,PCIe16X,6pin,Highend,2006
142,GeForce 8300GS,450 (900),800(400),16 SP; 8 TMU; 4 ROP,G86,128,64,1800,3600,43200,6400,16,900,DX10,DDR2,80nm,210m,PCIe16X,no,OEM,2007
143,GeForce 8500GT,450 (900),800(400),16 SP; 8 TMU; 4 ROP,G86,256-512,128,1800,3600,43200,12800,16,900,DX10,DDR2,80nm,210m,PCIe16X,no,Lower Mainstream,2007
144,GeForce 8600GT,540 (1180),1400(700),32 SP; 16 TMU; 8 ROP,G84,256-512,128,4320,6480,113280,22400,32,2360,DX10,GDDR3,80nm,289m,PCIe16X,no,Mainstream,2007
145,GeForce 8800GS,575 (1440),1700(850),96 SP; 48 TMU; 12 ROP,G92,384-768,192,6900,27600,414720,40800,96,8640,DX10,GDDR3,65nm,754m,PCIe2.0,6pin,Mainstream,2008
146,GeForce 8800GTS,500 (1200),1600(800),96 SP; 24 TMU; 20 ROP,G80,320-640,320,10000,12000,345600,64000,96,7200,DX10,GDDR3,90nm,681m,PCIe16X,6pin,Highend,2006
147,GeForce 8800GTS+,500 (1200),1600(800),112 SP; 24 TMU; 20 ROP,G80,640,320,10000,12000,403200,64000,112,8400,DX10,GDDR3,90nm,681m,PCIe16X,6pin,Highend,2007
148,GeForce 8800 Ultra,612 (1500),2160(1080),128 SP; 32 TMU; 24 ROP,G80,768,384,14688,19584,576000,103680,128,12000,DX10,GDDR3,90nm,681m,PCIe16X,6pin(x2),Extreme,2007
149,GeForce 9600GSO,550 (1375),1600(800),96 SP; 48 TMU; 12 ROP,G92,384,192,6600,26400,396000,38400,96,8250,DX10,GDDR3,65nm,754m,PCIe2.0,6pin,Mainstream,2008
150,GeForce 9800GT,600 (1500),1800(900),112 SP; 56 TMU; 16 ROP,"G92,G92-B1",512-1024,256,9600,33600,504000,57600,112,10500,DX10,GDDR3,"65,55nm",~754m,PCIe2.0,6pin,Upper Mainstream,2007
151,GeForce 9800GTX,675 (1690),2200(1100),128 SP; 64 TMU; 16 ROP,G92,512,256,10800,43200,648960,70400,128,13520,DX10,GDDR3,65nm,754m,PCIe2.0,6pin(x2),Highend,2007
152,GeForce 9800GX2,600 (1500),2000(1000),128 SP; 64 TMU; 16 ROP(x2),G92,512,256(x2),9600(x2),38400(x2),576000(x2),64000(x2),128(x2),12000(x2),DX10,GDDR3,65nm,754m(x2),PCIe16X,6+8pin,Enthusiast,2007
153,GeForce GT 120,500 (1400),1000(500),32 SP; 16 TMU; 8 ROP,"G96,G96-B1",512,128,4000,8000,134400,16000,32,2800,DX10,"DDR2,GDDR3","65,55nm",~314m,PCIe2.0,no,OEM,
154,GeForce GTS 150,738 (1836),2000(1000),128 SP; 64 TMU; 16 ROP,G92-B1,1024,256,11808,47232,705024,64000,128,14688,DX10,GDDR3,55nm,~754m,PCIe2.0,6pin,OEM,
155,GeForce 210,589 (1402),1000(500),16 SP; 8 TMU; 4 ROP,GT218,512,64,4712,9424,67296,8000,16,1402,DX10.1,DDR2,40nm,260m,PCIe2.0,no,Budget,2009
156,GeForce GT 240,550 (1340),"1600(800), 3400(850)",96 SP; 32 TMU; 8 ROP,GT215,512-1024,128,4400,17600,385920,54400,96,8040,DX10.1,"DDR3, GDDR5",40nm,727m,PCIe2.0,no,Lower Mainstream,2009
157,GeForce GTS 250,738 (1836),2200(1100),128 SP; 64 TMU; 16 ROP,G92-B1,512-1024,256,11808,47232,705024,70400,128,14688,DX10,GDDR3,55nm,~754m,PCIe2.0,6pin,Upper Mainstream,2009
158,GeForce GTX 260 Core 216,576 (1242),1998(999),216 SP; 72 TMU; 28 ROP,"GT200,GT200-B1",896,448,16128,41472,804816,111888,216,16767,DX10,GDDR3,"65,55nm",~1.4b,PCIe2.0,6pin(x2),Highend,2008
159,GeForce GTX 280,603 (1296),2214(1107),240 SP; 80 TMU; 32 ROP,GT200,1024,512,19296,48240,933120,141696,240,19440,DX10,GDDR3,65nm,1.4b,PCIe2.0,6+8pin,Enthusiast,2008
160,GeForce GTX 295,576 (1242),1998(999),240 SP; 80 TMU; 28 ROP(x2),GT200-B1,896,448(x2),16128(x2),46080(x2),894240(x2),111888(x2),240(x2),18630(x2),DX10,GDDR3,55nm,~1.4b(x2),PCIe2.0,6+8pin,Enthusiast,2009
161,GeForce GT 330,550 (1340),1600(800),96 SP; 32 TMU; 8 ROP,GT215,1024,128,4400,17600,385920,25600,96,8040,DX10.1,"DDR3, GDDR5",40nm,727m,PCIe2.0,no,OEM,
162,GeForce GT 440,810 (1620),"1800(900), 3200(800)",96 SP; 16 TMU; 4 ROP,GF108,512-1024,128,3240,12960,311040,51200,96,9720,DX11,"DDR3, GDDR5",40nm,585m,PCIe2.0,no,Upper Budget,2011
163,GeForce GTX 460,675 (1350),3600(900),336 SP; 56 TMU; 32 ROP,GF104,1024,256,21600,37800,907200,115200,336,28350,DX11,GDDR5,40nm,1.95b,PCIe2.0,6pin(x2),Upper Mainstream,2010
164,GeForce GTX 460SE,650 (1300),3400(850),288 SP; 48 TMU; 32 ROP,GF104,1024,256,20800,31200,748800,108800,288,23400,DX11,GDDR5,40nm,1.95b,PCIe2.0,6pin(x2),Mainstream,2010
165,GeForce GTX 470,607 (1215),3348(837),448 SP; 56 TMU; 40 ROP,GF100,1280,320,16996,33992,1088640,133920,448,34020,DX11,GDDR5,40nm,3b,PCIe2.0,6pin(x2),Highend,2010
166,GeForce GT 510,523 (1046),1800(900),48 SP; 8 TMU; 4 ROP,GF119,1024-2048,64,2092,4184,100416,14400,48,3138,DX11,DDR3,40nm,?,PCIe2.0,no,OEM,2011
167,GeForce GT 530,700 (1400),1800(900,96 SP; 16 TMU; 16 ROP,GF116,1024-2048,128,11200,11200,268800,28800,96,8400,DX11,DDR3,40nm,1.17b,PCIe2.0,no,OEM,2011
168,-GeForce GT 545,720 (1440),1800(900),144 SP; 24 TMU; 16 ROP,GF116,1024(?),192,11520,17280,414720,43200,144,12960,DX11,DDR3,40nm,1.17b,PCIe2.0,?,OEM,2011
169,GeForce GTX 555,776 (1552),3828(957),288 SP; 48 TMU; 24 ROP,GF114,1024,192,18624,37248,893952,91872,288,27936,DX11,GDDR5,40nm,1.95b,PCIe2.0,6pin(x2),OEM,2011
170,-GeForce GTX 560,552 (1104),3206(1603),384 SP; 48 TMU; 40 ROP,GF110,1280,320,22080,26496,847872,128240,384,26496,DX11,GDDR5,40nm,3b,PCIe2.0,6pin,OEM,2011
171,GeForce GTX 560 Ti,822 (1644),4008(1002),384 SP; 64 TMU; 32 ROP,GF114,1024,256,26304,52608,1262592,128256,384,39456,DX11,GDDR5,40nm,1.95b,PCIe2.0,6pin(x2),Upper Mainstream,2011
172,GeForce GTX 560 Ti Core 448,732 (1464),3600(900),448 SP; 56 TMU; 40 ROP,GF110,1280,320,20496,40992,1311744,144000,448,40992,DX11,GDDR5,40nm,3b,PCIe2.0,6pin(x2),Highend,2011
173,GeForce GTX 580,772 (1544),4008(1002),512 SP; 64 TMU; 48 ROP,GF110,1536-3072,384,24704,49408,1581056,192384,512,49408,DX11,GDDR5,40nm,3b,PCIe2.0,6+8pin,Enthusiast,2010
174,GeForce 605,523 (1046),1800(900),48 SP; 8 TMU; 4 ROP,GF119,512-1024-2048,64,2092,4184,100416,14400,48,3138,DX11,DDR3,40nm,,PCIe2.0,no,OEM,2012
175,GeForce GT 620,810 (1620),1800(900),48 SP; 8 TMU; 4 ROP,GF119,512-1024-2048,64,3240,6480,155520,14400,48,4860,DX11,DDR3,40nm,,PCIe2.0,no,OEM,2012
176,GeForce GT 640,900,1782(891),384 SP; 32 TMU; 16 ROP,GK107,1024-2048-4096,128,14400,28800,691200,42768,384,21600,DX11,DDR3,28nm,1.3b,PCIe3.0,no,Lower Mainstream,2012
177,--GeForce GT 640,720(1440),1782(891),144 SP; 24 TMU; 16 ROP,GF116,1536-3072,192,11520,17280,414720,42768,144,12960,DX11,DDR3,40nm,1.17b,PCIe2.0,no,OEM,2012
178,GeForce GTX 645,824,4000(1000),576 SP; 48 TMU; 16 ROP,GK106,1024,128,13184,39552,949248,64000,576,29664,DX11,GDDR5,28nm,2.45b,PCIe3.0,no,OEM,2013
179,GeForce GTX 650 Ti,928,5400(1350),768 SP; 64 TMU; 16 ROP,GK106,1024-2048,128,14848,59392,1425408,86400,768,44544,DX11,GDDR5,28nm,2.45b,PCIe3.0,6pin,Mainstream,2012
180,GeForce GTX 660,980-1033,6008(1502),960 SP; 80 TMU; 24 ROP,GK106,2048,192,24792,82640,1983360,144192,960,61980,DX11,GDDR5,28nm,2.45b,PCIe3.0,6pin,Upper Mainstream,2012
181,GeForce GTX 670,915-980,6008(1502),1344 SP; 112 TMU; 32 ROP,GK104,2048,256,31360,109760,2634240,192256,1344,82320,DX11,GDDR5,28nm,3.5b,PCIe3.0,6pin(x2),Highend,2012
182,GeForce GTX 690,915-1019,6008(1502),1536 SP; 128 TMU; 32 ROP(x2),1536 SP; 128 TMU; 32 ROP(x2),GK104,2048,256(x2),32608(x2),130432(x2),3130368(x2),192256(x2),1536(x2),97824(x2),DX11,GDDR5,28nm,3.5b(x2),PCIe3.0,8pin(x2),Enthusiast
183,GeForce GT 710,954,1800(900),192 SP; 16 TMU; 8 ROP,GK208,1024-2048,64,7632,15264,366336,14400,192,15264,DX11,DDR3,28nm,,PCIe2.0,no,Budget,2014
184,GeForce GT 730,900,"1800(900), 5000(1250)",384 SP; 32 TMU; 16 ROP,GK107,1024-2048-4096,64,14400,28800,691200,40000,384,21600,DX11,DDR3,28nm,1.3b,PCIe2.0,no,Upper Budget,2014
185,GeForce GT 740,933,"1800(900), 5000(1250)",384 SP; 32 TMU; 16 ROP,GK107,2048-4096,128,14928,29856,716544,80000,384,22392,DX11,"DDR3, GDDR5",28nm,1.3b,PCIe3.0,no,Upper Budget,2014
186,GeForce GTX 750,1020-1085,5000(1250),512 SP; 32 TMU; 16 ROP,GM107,1024,128,17360,34720,1111040,80000,512,34720,DX11,GDDR5,28nm,1.87b,PCIe3.0,no,Lower Mainstream,2014
187,GeForce GTX 760,980-1033,6008(1502),1152 SP; 96 TMU; 32 ROP,GK104,2048-4096,256,33056,99168,2380032,192256,1152,74376,DX11,GDDR5,28nm,3.5b,PCIe3.0,6pin(x2),Upper Mainstream,2013
188,GeForce GTX 770,1046-1085,7000(1750),1536 SP; 128 TMU; 32 ROP,GK104,2048,256,34720,138880,3333120,224000,1536,104160,DX11,GDDR5,28nm,3.5b,PCIe3.0,6pin(x2),Highend,2013
189,GeForce GTX 780 Ti,875-928,7000(1750),2880 SP; 240 TMU; 48 ROP,GK110-B1,3072,384,44544,222720,5345280,336000,2880,167040,DX11,GDDR5,28nm,7.1b,PCIe3.0,6+8pin,Enthusiast,2013
190,GeForce GTX Titan Z,706-876,7000(1750),2880 SP; 240 TMU; 48 ROP(x2),2880 SP; 240 TMU; 48 ROP(x2),GK110-B1,6144,384(x2),42048(x2),210240(x2),5045760(x2),336000(x2),2880(x2),157680(x2),DX11,GDDR5,28nm,7.1b(x2),PCIe3.0,8pin(x2),Extreme
191,GeForce GTX 960,1126-1178,7000(1750),1024 SP; 64 TMU; 32 ROP,GM206,2048-4096,128,32696,75392,2412544,112000,1024,75392,DX11.3,GDDR5,28nm,2.94b,PCIe3.0,6pin,Mainstream,2015
192,GeForce GTX 980,1126-1216,7000(1750),2048 SP; 128 TMU; 64 ROP,GM204,4096,256,77824,155648,4980736,224000,2048,155648,DX11.3,GDDR5,28nm,5.2b,PCIe3.0,6pin(x2),Enthusiast,2014
193,GeForce GTX Titan X,1000-1075,7000(1750),3072 SP; 192 TMU; 96 ROP,GM200,12288,384,103200,206400,6604800,336000,3072,206400,DX11.3,GDDR5,28nm,8b,PCIe3.0,6+8pin,Extreme,2015
194,-GeForce GT 1030,1152-1379,2100(1050),384 SP; 32 TMU; 16 ROP,GP108,2048,64,22064,44128,1059072,16800,384,33096,DX12,DDR4,16nm,1.8b,PCIe3.0,no,Upper Budget,2018
195,-GeForce GTX 1050,1392-1518,7000(1750),768 SP; 48 TMU; 24 ROP,GP107,3072,96,36432,72864,2331648,84000,768,72864,DX12,GDDR5,16nm,3.3b,PCIe3.0,no,Lower Mainstream,2018
196,GeForce GTX 1060,1506-1708,"8000(2000), 9000(2250)",1280 SP; 80 TMU; 48 ROP,GP106,5120-6144,160-192,81984,136640,4372480,216000,1280,136640,DX12,GDDR5,16nm,4.4b,PCIe3.0,6pin,Upper Mainstream,2016
197,GeForce GTX 1070,1506-1683,8000(2000),1920 SP; 120 TMU; 64 ROP,GP104,8192,256,107712,201960,6462720,256000,1920,201960,DX12,GDDR5,16nm,7.2b,PCIe3.0,8pin,Highend,2017
198,GeForce GTX 1080,1607-1733,"10000(1250), 11000(1375)",2560 SP; 160 TMU; 64 ROP,GP104,8192,256,110912,277280,8872960,352000,2560,277280,DX12,GDDR5X,16nm,7.2b,PCIe3.0,8pin,Enthusiast,2016
199,Titan X (Pascal),1417-1531,10000(1250),3584 SP; 224 TMU; 96 ROP,GP102,12288,384,146976,342944,10974208,480000,3584,342944,DX12,GDDR5X,16nm,12b,PCIe3.0,6+8pin,Extreme,2016
200,Titan V,1200-1455,1700(850),5120 SP; 320 TMU; 96 ROP,GV100,12288,3072,139680,465600,14899200,652800,5120,465600,DX12,HBM2,12nm,21b,PCIe3.0,6+8pin,Extreme,2017
201,GeForce GTX 1650 Super,1530-1725,12000(1500),1280 SP; 80 TMU; 32 ROP,TU116,4096,128,55200,138000,4416000,192000,1280,138000,DX12,GDDR6,12nm,6.6b,PCIe3.0,6pin,Mainstream,2019
202,GeForce GTX 1660 Super,1530-1785,14000(1750),1408 SP; 88 TMU; 48 ROP,TU116,6144,192,85680,157080,5026560,336000,1408,157080,DX12,GDDR6,12nm,6.6b,PCIe3.0,8pin,Upper Mainstream,2019
203,GeForce RTX 2060,1356-1680,14000(1750),1920 SP; 120 TMU; 48 ROP,TU106,6144,192,80640,201600,6451200,336000,1920,201600,DX12U,GDDR6,12nm,10.8b,PCIe3.0,8pin,Highend,2019
204,GeForce RTX 2070,1410-1620,14000(1750),2304 SP; 144 TMU; 64 ROP,TU106,8192,256,103680,233280,7464960,448000,2304,233280,DX12U,GDDR6,12nm,10.8b,PCIe3.0,8pin,Enthusiast,2018
205,GeForce RTX 2080,1515-1710,14000(1750),2944 SP; 184 TMU; 64 ROP,TU104,8192,256,109440,314640,10068480,448000,2944,314640,DX12U,GDDR6,12nm,13.6b,PCIe3.0,8pin(x2),Extreme,2018
206,GeForce RTX 2080 Ti,1350-1545,14000(1750),4352 SP; 272 TMU; 88 ROP,TU102,11264,352,135960,420240,13447680,616000,4352,420240,DX12U,GDDR6,12nm,18.4b,PCIe3.0,8pin(x2),Extreme,2018
207,GeForce RTX 3050,1552-1777,14000(1750),2560 SP; 80 TMU; 32 ROP,GA106,8192,128,56864,142160,9098240,224000,2560,284320,DX12U,GDDR6,8nm,13.3b,PCIe4.0,8pin,Upper Mainstream,2022
208,GeForce RTX 3060 Ti,1410-1665,14000(1750),4864 SP; 152 TMU; 80 ROP,GA104,8192,256,133200,306360,16197120,448000,4864,506160,DX12U,GDDR6,8nm,17.4b,PCIe4.0,8pin/12pin,Highend,2020
209,GeForce RTX 3070 Ti,1575-1770,19000(2375),6144 SP; 192 TMU; 96 ROP,GA104,8192,256,169920,339840,30812160,608000,6144,679680,DX12U,GDDR6X,8nm,17.4b,PCIe4.0,8pin/12pin,Enthusiast,2021
210,GeForce RTX 3080 Ti,1365-1665,19000(2375),10240 SP; 320 TMU; 112 ROP,GA102,12288,384,186480,532800,34099200,936000,10240,1065600,DX12U,GDDR6X,8nm,28b,PCIe4.0,8pin(x2)/12pin,Extreme,2021
211,GeForce RTX 3090 Ti,1560-1860,21000(2625),10496 SP; 336 TMU; 112 ROP,GA102,24576,384,208320,624960,39045120,1008000,10496,1220160,DX12U,GDDR6X,8nm,28b,PCIe4.0,8pin(x2)/12pin,Extreme,2022
212,GeForce RTX 4060 Ti,2310-2535,18000(2250),4352 SP; 136 TMU; 64 ROP,AD106,8192-16384,128,162240,344760,22064640,288000,4352,689520,DX12U,GDDR6,5nm,22.9b,PCIe4.0,16pin,Highend,2023
213,GeForce RTX 4070 SUPER,1980-2475,21000(2625),7168 SP; 224 TMU; 80 ROP,AD104,12228,192,198000,554400,35481600,504000,7168,1108800,DX12U,GDDR6X,5nm,35.8b,PCIe4.0,16pin,Enthusiast,
214,GeForce RTX 4070 Ti SUPER,2340-2610,21000(2625),8448 SP; 264 TMU; 96 ROP,AD103,16384,256,250560,689040,44098560,672000,8448,1378080,DX12U,GDDR6X,5nm,45.9b,PCIe4.0,16pin,Extreme,
215,GeForce RTX 4080 SUPER,2295-2550,23000(2875),10240 SP; 320 TMU; 112 ROP,AD103,16384,256,285600,816000,52224000,736000,10240,1632000,DX12U,GDDR6X,5nm,45.9b,PCIe4.0,16pin,Extreme,
216,i740,66,100,1 PP; 1 TMU; 1 ROP,Auburn,4-8,64,66,66,n/a,800,0,1,DX6,"SDR,SGRAM",150nm,,AGP 1/2X,no,Budget,1997
217,Arc A580,1700,16000(2000),3072 SP; 192 TMU; 96 ROP,ACM-G10,8192,256,163200,326400,10444800,512000,3072,326400,DX12U,GDDR6,6nm,21.7b,PCIe4.0,6+8pin,Mainstream,2023
218,Arc A770,2100,16000(2000)-17500(2187),4096 SP; 256 TMU; 128 ROP,ACM-G10,8192-16384,256,268800,537600,17203200,560000,4096,537600,DX12U,GDDR6,6nm,21.7b,PCIe4.0,6+8pin,Highend,2022
